run,cond,arm,seed,recorded_max_logL,recomputed_max_logL,recomputed_logL_at_saved_MAP,corr_recorded_recomputed,idx_true_best,idx_saved_MAP,rmse_true_best,chi_true_best,pg_ratio_true_best,rmse_saved_MAP,chi_saved_MAP,pg_ratio_saved_MAP
ch_gateoff_noprior_5000p_seed123_cpualign_20260930,ch,noprior,123,-5.998320191761544,-7.273576514025236,-225.18615781551722,0.07369163192123783,3474,595,0.10506873401264616,0.6963512769680369,1.0,0.25213410560147376,3.874585206320088,1.0000042060433092
ch_gateoff_noprior_5000p_seed42_cpualign_20260930,ch,noprior,42,-6.113752585252896,-6.326043305950789,-89.44721379618487,-0.07099175184240175,1131,4914,0.09664030638034248,0.6494122114625804,1.000003421572,0.418427137950753,2.4419556888715905,1.0
ch_gateoff_noprior_5000p_seed7_cpualign_20260930,ch,noprior,7,-6.128128827197958,-6.479153100615181,-686.1695254470367,0.08642149563748089,1765,1986,0.10004369994579154,0.6572241170567403,1.0000000855996838,0.4060256550668198,6.7634780275981115,1.0000000000526899
ch_gateoff_sigma6_5000p_seed123_cpualign_20260930,ch,sigma6,123,-3.989575829993539,-5.3686842869583105,-147.68010136528238,0.021795184988810803,1914,1175,0.08797812547619625,0.5982577085146674,0.9755787456805097,0.24113783096685318,3.1377284922406568,1.000000000006294
ch_gateoff_sigma6_5000p_seed42_cpualign_20260930,ch,sigma6,42,-4.859102794852581,-6.918603262185185,-19.06570811843231,-0.021550001308095743,489,3099,0.10201513074081145,0.6791466833306427,1.0013710345931546,0.1754466123445714,1.12740729459033,0.999999990976491
ch_gateoff_sigma6_5000p_seed7_cpualign_20260930,ch,sigma6,7,-4.564098342966622,-5.3153916554238805,-177.39805027179338,-0.08164175052945995,1008,596,0.08637642139372965,0.5952809787780267,1.0664014186858732,0.3431071666885137,3.438973202103533,0.9999999955675919
cs_gateoff_noprior_5000p_seed123_cpualign_20260930,cs,noprior,123,-6.384535652722192,-10.54083490192095,-162.2249347313347,0.025220113051959335,4044,3918,0.13504960499727026,0.8382853492664237,1.000086569657107,0.23624806692523848,3.2886160689195156,1.0000000011037673
cs_gateoff_noprior_5000p_seed42_cpualign_20260930,cs,noprior,42,-6.440905483667243,-8.626071942741046,-1098.5116047588594,-0.12572894294463177,1442,669,0.1225992777819155,0.7583346641486218,0.999466435893434,0.515547271931588,8.557692854030458,1.0
cs_gateoff_noprior_5000p_seed7_cpualign_20260930,cs,noprior,7,-6.601734129739168,-9.16875213861237,-46.22513094769659,0.05382637564566007,4446,3590,0.13040952228377709,0.781824879735966,1.0000399947046488,0.31516223253181297,1.7554701354660254,1.0000000000035882
cs_gateoff_sigma6_5000p_seed123_cpualign_20260930,cs,sigma6,123,-6.340632164737002,-8.166580217643368,-68.36880391887247,0.044308714733923595,2158,4285,0.12503694539180074,0.737860881993499,1.0180986881103042,0.37329948348007835,2.134928631420302,1.0
cs_gateoff_sigma6_5000p_seed42_cpualign_20260930,cs,sigma6,42,-6.447861759496363,-9.502667734036411,-68.53572268266237,0.12886328125285826,1076,2790,0.13224040086604588,0.7959341569935883,0.9960840918573175,0.3743806613988925,2.1375331994718016,1.0
cs_gateoff_sigma6_5000p_seed7_cpualign_20260930,cs,sigma6,7,-6.36726410642947,-7.446930672206226,-68.57839236287242,-0.002608207417869138,3527,2287,0.11137290179856948,0.7046006278834475,1.0033860455972554,0.373827869449893,2.1381984997168746,1.0
dh_gateoff_noprior_5000p_seed123_cpualign_20260930,dh,noprior,123,-7.51116953699531,-16.502497769109798,-300.96637340145753,-0.019840261048220197,2908,4667,0.12552636636372536,1.048888229479506,0.9997168475921872,0.35531798892114286,4.479333085787493,1.0000000003604816
dh_gateoff_noprior_5000p_seed42_cpualign_20260930,dh,noprior,42,-7.422268783550855,-28.95915634173718,-576.8603675126199,-0.24018228758684068,2661,4407,0.17564124838524195,1.3894640775430214,0.9999999999885739,0.47976233188299783,6.201399667347256,1.0
dh_gateoff_noprior_5000p_seed7_cpualign_20260930,dh,noprior,7,-7.235104153804444,-24.435403929535102,-569.436013223166,-0.046102808951271196,4475,3265,0.15857659110253164,1.276333392431489,0.9999667174976407,0.47922921616245434,6.161363557001357,1.0
dh_gateoff_sigma6_5000p_seed123_cpualign_20260930,dh,sigma6,123,-7.475243104092192,-13.624788226265585,-172.20124722360134,-0.05066114856698977,4526,1695,0.11097792674062147,0.9530578235785973,0.7638993146673327,0.2751613102788001,3.388227139410829,1.0000000000288032
dh_gateoff_sigma6_5000p_seed42_cpualign_20260930,dh,sigma6,42,-7.620384772022506,-14.665525838653442,-33.094360839080856,0.31880469614168294,2881,4740,0.11794372202166367,0.9887880068937407,0.8330870600875673,0.19212368627288035,1.4853587858175512,0.9999999999992888
dh_gateoff_sigma6_5000p_seed7_cpualign_20260930,dh,sigma6,7,-6.511362401080885,-11.936715278424451,-33.328778301413216,0.12679923162632867,2445,2589,0.09962136101850522,0.8920655909526105,0.864636877712279,0.19243202212004468,1.4906101279098933,1.0
ds_gateoff_noprior_5000p_seed123_cpualign_20260930,ds,noprior,123,-3.0981014091962487,-7.096976224586211,-93.32384498003061,0.10774238266408069,2797,336,0.08678193697214093,0.6878457300192736,1.0614867724534411,0.35481891705425345,2.494311461172276,1.0
ds_gateoff_noprior_5000p_seed42_cpualign_20260930,ds,noprior,42,-4.350382284204472,-8.240137213763477,-100.2163205104936,0.13497907621474342,995,935,0.08645253694880783,0.741176416865489,1.059981427072942,0.21858274511019612,2.5847800745968517,1.0000000000960283
ds_gateoff_noprior_5000p_seed7_cpualign_20260930,ds,noprior,7,-5.94673000238709,-11.43643305922058,-56.23160984973184,0.5179886821412545,4116,347,0.10869747785245576,0.8731717303112289,3.055186037215649,0.26935963651390155,1.9361750928007835,1.0000000009877599
ds_gateoff_sigma6_5000p_seed123_cpualign_20260930,ds,sigma6,123,-3.67732721099571,-6.073533886569344,-70.71841165193824,-0.23755835672886266,3774,2706,0.07988950828463366,0.6363193059342322,1.0904871469679103,0.3177179971470974,2.1713039346889884,1.000120670355097
ds_gateoff_sigma6_5000p_seed42_cpualign_20260930,ds,sigma6,42,-2.683461962261234,-6.154874277198935,-61.298032164588285,0.0925501225690839,4078,2639,0.07997103721498222,0.6405661182214232,1.0655537729173772,0.2948542587518686,2.021518112122476,1.0
ds_gateoff_sigma6_5000p_seed7_cpualign_20260930,ds,sigma6,7,-3.2641034195823893,-5.933922331858332,-109.1092610638185,0.010307305535497913,831,3608,0.08138446200144742,0.6289632915551502,1.0512440506235035,0.21431064450659884,2.6970262767700093,0.9999999911517239
