condition,cultivation,day,species,median,mean,std,min,max,q1,q3
Commensal,Static,1,S. oralis,17,17.22222222222222,10.100220019605734,3.0,33.0,10,24
Commensal,Static,1,A. naeslundii,1,1.1777777777777778,1.1508451001088047,0.0,3.0,0,2
Commensal,Static,1,V. dispar,79,77.44444444444444,12.401523203936593,55.0,93.0,70,86
Commensal,Static,1,F. nucleatum,1,1.1777777777777778,1.1508451001088047,0.0,3.0,0,2
Commensal,Static,1,P. gingivalis_20709,1,1.1777777777777778,1.1508451001088047,0.0,3.0,0,2
Commensal,Static,3,S. oralis,60,59.55555555555556,19.469406199927562,30.0,86.0,46,74
Commensal,Static,3,A. naeslundii,7,7.333333333333333,5.420332093147061,0.6000000000000001,16.0,3,11
Commensal,Static,3,V. dispar,24,23.88888888888889,13.385387970137852,5.0,44.0,14,33
Commensal,Static,3,F. nucleatum,3,3.2444444444444445,2.7834830299065554,0.0,8.0,1,5
Commensal,Static,3,P. gingivalis_20709,2,2.3555555555555556,2.3016902002176094,0.0,6.0,0,4
Commensal,Static,6,S. oralis,56,55.0,20.328551350256124,25.0,82.0,40,70
Commensal,Static,6,A. naeslundii,8,8.333333333333334,6.461423991660043,0.0,18.0,3,13
Commensal,Static,6,V. dispar,24,23.444444444444443,12.692823869327809,5.0,42.0,14,32
Commensal,Static,6,F. nucleatum,5,5.222222222222222,4.190995638800456,0.0,12.0,2,8
Commensal,Static,6,P. gingivalis_20709,3,3.2444444444444445,2.7834830299065554,0.0,8.0,1,5
Commensal,Static,10,S. oralis,50,49.111111111111114,18.809069916163082,20.0,76.0,36,62
Commensal,Static,10,A. naeslundii,12,12.0,8.361668493787588,1.1,24.0,5,18
Commensal,Static,10,V. dispar,24,23.666666666666668,13.021424653239752,5.0,42.0,14,33
Commensal,Static,10,F. nucleatum,5,5.222222222222222,4.190995638800456,0.0,12.0,2,8
Commensal,Static,10,P. gingivalis_20709,3,3.2444444444444445,2.7834830299065554,0.0,8.0,1,5
Commensal,Static,15,S. oralis,33,33.0,17.70367193550536,8.0,58.0,20,46
Commensal,Static,15,A. naeslundii,22,22.0,13.21202104146069,4.0,42.0,12,31
Commensal,Static,15,V. dispar,32,31.11111111111111,15.301670206585657,8.0,52.0,20,42
Commensal,Static,15,F. nucleatum,5,5.222222222222222,4.190995638800456,0.0,12.0,2,8
Commensal,Static,15,P. gingivalis_20709,3,3.2444444444444445,2.7834830299065554,0.0,8.0,1,5
Commensal,Static,21,S. oralis,28,28.22222222222222,16.320675367289322,6.0,52.0,16,40
Commensal,Static,21,A. naeslundii,27,26.88888888888889,15.802803900292856,5.0,50.0,15,38
Commensal,Static,21,V. dispar,28,28.0,13.892443989449804,8.0,48.0,18,38
Commensal,Static,21,F. nucleatum,6,6.266666666666667,5.165268628057984,0.0,14.0,2,10
Commensal,Static,21,P. gingivalis_20709,4,4.311111111111111,3.7257363179794556,0.0,10.0,1,7
Commensal,HOBIC,1,S. oralis,68,66.0,19.90678276367128,34.0,92.0,52,80
Commensal,HOBIC,1,A. naeslundii,4,5.011111111111111,4.859641047558051,0.0,14.0,1,8
Commensal,HOBIC,1,V. dispar,11,11.577777777777778,9.23387483370034,0.0,26.0,4,18
Commensal,HOBIC,1,F. nucleatum,8,8.7,7.2866315949140725,0.0,20.0,3,14
Commensal,HOBIC,1,P. gingivalis_20709,2,1.9888888888888887,1.8141419765583704,0.0,5.0,0,3
Commensal,HOBIC,3,S. oralis,82,79.22222222222223,16.833432342943148,50.0,99.2,68,92
Commensal,HOBIC,3,A. naeslundii,2,1.9888888888888887,1.8141419765583704,0.0,5.0,0,3
Commensal,HOBIC,3,V. dispar,8,8.81111111111111,7.143606309918759,0.0,20.0,3,14
Commensal,HOBIC,3,F. nucleatum,3,3.2444444444444445,2.7834830299065554,0.0,8.0,1,5
Commensal,HOBIC,3,P. gingivalis_20709,2,1.9888888888888887,1.8141419765583704,0.0,5.0,0,3
Commensal,HOBIC,6,S. oralis,60,58.888888888888886,20.51489973436651,28.0,86.0,44,74
Commensal,HOBIC,6,A. naeslundii,3,3.2444444444444445,2.7834830299065554,0.0,8.0,1,5
Commensal,HOBIC,6,V. dispar,22,22.0,13.21202104146069,4.0,42.0,12,31
Commensal,HOBIC,6,F. nucleatum,5,5.222222222222222,4.190995638800456,0.0,12.0,2,8
Commensal,HOBIC,6,P. gingivalis_20709,3,3.2444444444444445,2.7834830299065554,0.0,8.0,1,5
Commensal,HOBIC,10,S. oralis,46,45.111111111111114,18.809069916163082,16.0,72.0,32,58
Commensal,HOBIC,10,A. naeslundii,12,12.222222222222221,8.738532167615134,1.1,26.0,5,18
Commensal,HOBIC,10,V. dispar,26,25.444444444444443,14.081114223589616,5.0,46.0,15,35
Commensal,HOBIC,10,F. nucleatum,5,5.222222222222222,4.190995638800456,0.0,12.0,2,8
Commensal,HOBIC,10,P. gingivalis_20709,3,3.2444444444444445,2.7834830299065554,0.0,8.0,1,5
Commensal,HOBIC,15,S. oralis,34,34.0,17.40459709387149,8.0,60.0,22,46
Commensal,HOBIC,15,A. naeslundii,22,22.0,13.21202104146069,4.0,42.0,12,31
Commensal,HOBIC,15,V. dispar,27,26.444444444444443,14.449144534462162,5.0,48.0,16,36
Commensal,HOBIC,15,F. nucleatum,5,5.222222222222222,4.190995638800456,0.0,12.0,2,8
Commensal,HOBIC,15,P. gingivalis_20709,4,4.055555555555555,3.4500402574140754,0.0,10.0,1,6
Commensal,HOBIC,21,S. oralis,37,37.0,18.423354743368538,10.0,64.0,24,50
Commensal,HOBIC,21,A. naeslundii,21,21.333333333333332,14.46227852034388,3.0,44.0,10,31
Commensal,HOBIC,21,V. dispar,24,23.77777777777778,14.949061657657463,4.0,46.0,12,34
Commensal,HOBIC,21,F. nucleatum,6,6.377777777777777,5.359519049732397,0.0,15.0,2,10
Commensal,HOBIC,21,P. gingivalis_20709,5,5.122222222222223,4.384568900638288,0.0,12.0,1,8
Dysbiotic,Static,1,S. oralis,14,14.222222222222221,9.381601379532412,2.0,28.0,7,21
Dysbiotic,Static,1,A. naeslundii,8,8.0,5.933590818383081,0.30000000000000027,17.0,3,12
Dysbiotic,Static,1,V. parvula,61,59.44444444444444,15.400820685203039,34.0,80.0,49,70
Dysbiotic,Static,1,F. nucleatum,8,8.0,5.933590818383081,0.30000000000000027,17.0,3,12
Dysbiotic,Static,1,P. gingivalis_W83,8,8.0,5.933590818383081,0.30000000000000027,17.0,3,12
Dysbiotic,Static,3,S. oralis,11,11.0,7.314882090642337,1.7000000000000002,22.0,5,16
Dysbiotic,Static,3,A. naeslundii,5,5.333333333333333,4.045985664828782,0.20000000000000018,12.0,2,8
Dysbiotic,Static,3,V. parvula,57,56.111111111111114,14.64961129556382,33.0,77.0,46,66
Dysbiotic,Static,3,F. nucleatum,11,11.0,7.314882090642337,1.7000000000000002,22.0,5,16
Dysbiotic,Static,3,P. gingivalis_W83,13,12.555555555555555,8.000486096343007,2.0,24.0,6,18
Dysbiotic,Static,6,S. oralis,7,7.555555555555555,5.765004577429039,0.30000000000000027,16.0,3,12
Dysbiotic,Static,6,A. naeslundii,5,5.333333333333333,4.045985664828782,0.20000000000000018,12.0,2,8
Dysbiotic,Static,6,V. parvula,52,51.111111111111114,16.03562007254821,26.0,74.0,40,62
Dysbiotic,Static,6,F. nucleatum,13,12.555555555555555,8.000486096343007,2.0,24.0,6,18
Dysbiotic,Static,6,P. gingivalis_W83,17,16.88888888888889,10.249322470832455,3.0,32.0,9,24
Dysbiotic,Static,10,S. oralis,5,5.333333333333333,4.045985664828782,0.20000000000000018,12.0,2,8
Dysbiotic,Static,10,A. naeslundii,5,5.333333333333333,4.045985664828782,0.20000000000000018,12.0,2,8
Dysbiotic,Static,10,V. parvula,47,46.111111111111114,15.664964446531984,22.0,68.0,35,57
Dysbiotic,Static,10,F. nucleatum,16,15.444444444444445,9.211285348841267,3.0,28.0,8,22
Dysbiotic,Static,10,P. gingivalis_W83,21,20.333333333333332,11.125196627475848,4.0,36.0,12,28
Dysbiotic,Static,15,S. oralis,4,4.555555555555555,3.3489218829016867,0.5,10.0,2,7
Dysbiotic,Static,15,A. naeslundii,8,8.0,5.933590818383081,0.30000000000000027,17.0,3,12
Dysbiotic,Static,15,V. parvula,42,41.111111111111114,15.664964446531984,17.0,63.0,30,52
Dysbiotic,Static,15,F. nucleatum,18,17.444444444444443,9.917044810717442,3.0,32.0,10,24
Dysbiotic,Static,15,P. gingivalis_W83,22,21.88888888888889,11.997025094210278,5.0,40.0,13,30
Dysbiotic,Static,21,S. oralis,4,4.555555555555555,3.3489218829016867,0.5,10.0,2,7
Dysbiotic,Static,21,A. naeslundii,10,9.88888888888889,7.132223433902721,0.7000000000000002,20.0,4,15
Dysbiotic,Static,21,V. parvula,36,35.111111111111114,13.264279517226372,14.0,54.0,26,44
Dysbiotic,Static,21,F. nucleatum,21,20.333333333333332,11.125196627475848,4.0,36.0,12,28
Dysbiotic,Static,21,P. gingivalis_W83,24,23.77777777777778,11.487577831921072,6.0,40.0,16,32
Dysbiotic,HOBIC,1,S. oralis,3,3.2444444444444445,2.7834830299065554,0.0,8.0,1,5
Dysbiotic,HOBIC,1,A. naeslundii,2,2.111111111111111,1.5940862934957791,0.0,5.0,1,3
Dysbiotic,HOBIC,1,V. parvula,88,86.44444444444444,10.288234920421374,68.0,98.2,80,94
Dysbiotic,HOBIC,1,F. nucleatum,2,2.3555555555555556,2.3016902002176094,0.0,6.0,0,4
Dysbiotic,HOBIC,1,P. gingivalis_W83,1,1.2888888888888888,1.375176756315751,0.0,4.0,0,2
Dysbiotic,HOBIC,3,S. oralis,5,5.333333333333333,4.045985664828782,0.20000000000000018,12.0,2,8
Dysbiotic,HOBIC,3,A. naeslundii,4,4.555555555555555,3.3489218829016867,0.5,10.0,2,7
Dysbiotic,HOBIC,3,V. parvula,78,76.0,15.137949002424337,50.0,94.0,66,87
Dysbiotic,HOBIC,3,F. nucleatum,5,5.222222222222222,4.190995638800456,0.0,12.0,2,8
Dysbiotic,HOBIC,3,P. gingivalis_W83,3,3.2444444444444445,2.7834830299065554,0.0,8.0,1,5
Dysbiotic,HOBIC,6,S. oralis,7,7.333333333333333,5.420332093147061,0.6000000000000001,16.0,3,11
Dysbiotic,HOBIC,6,A. naeslundii,10,10.666666666666666,7.331950627220563,1.7000000000000002,22.0,5,16
Dysbiotic,HOBIC,6,V. parvula,63,60.77777777777778,18.570526229604923,30.0,84.0,48,74
Dysbiotic,HOBIC,6,F. nucleatum,8,8.333333333333334,6.461423991660043,0.0,18.0,3,13
Dysbiotic,HOBIC,6,P. gingivalis_W83,5,5.222222222222222,4.190995638800456,0.0,12.0,2,8
Dysbiotic,HOBIC,10,S. oralis,7,7.333333333333333,5.420332093147061,0.6000000000000001,16.0,3,11
Dysbiotic,HOBIC,10,A. naeslundii,17,17.11111111111111,9.90863820669173,3.0,32.0,10,24
Dysbiotic,HOBIC,10,V. parvula,48,46.888888888888886,16.435970038641194,20.0,70.0,36,58
Dysbiotic,HOBIC,10,F. nucleatum,13,12.555555555555555,8.000486096343007,2.0,24.0,6,18
Dysbiotic,HOBIC,10,P. gingivalis_W83,8,8.11111111111111,6.129323870632968,0.30000000000000027,18.0,3,12
Dysbiotic,HOBIC,15,S. oralis,5,5.333333333333333,4.045985664828782,0.20000000000000018,12.0,2,8
Dysbiotic,HOBIC,15,A. naeslundii,24,23.88888888888889,13.385387970137852,5.0,44.0,14,33
Dysbiotic,HOBIC,15,V. parvula,38,37.111111111111114,16.035620072548213,12.0,60.0,26,48
Dysbiotic,HOBIC,15,F. nucleatum,18,17.666666666666668,10.299029080452195,3.0,34.0,10,24
Dysbiotic,HOBIC,15,P. gingivalis_W83,8,8.333333333333334,6.461423991660043,0.0,18.0,3,13
Dysbiotic,HOBIC,21,S. oralis,3,3.2444444444444445,2.7834830299065554,0.0,8.0,1,5
Dysbiotic,HOBIC,21,A. naeslundii,22,21.77777777777778,12.894744838283712,4.0,42.0,12,30
Dysbiotic,HOBIC,21,V. parvula,33,32.333333333333336,14.637281168304447,10.0,54.0,22,42
Dysbiotic,HOBIC,21,F. nucleatum,24,23.666666666666668,13.07019510183379,5.0,44.0,14,32
Dysbiotic,HOBIC,21,P. gingivalis_W83,12,12.11111111111111,8.889803772362532,1.0,26.0,5,18
