Temperature_C,sigma_a11,step,phi,psi,phibar
4,25,0,0.10000000,0.99900000,0.09990000
4,25,20,0.15137060,0.97202205,0.14713556
4,25,40,0.22700841,0.97872435,0.22217865
4,25,60,0.34167916,0.98384440,0.33615913
4,25,80,0.51576751,0.98774784,0.50944824
4,25,100,0.78029017,0.99071746,0.77304710
4,25,120,0.99129192,0.99308832,0.98444043
4,25,140,0.99129192,0.99308832,0.98444043
4,25,160,0.99129192,0.99308832,0.98444043
4,25,180,0.99129192,0.99308832,0.98444043
4,25,200,0.99129192,0.99308832,0.98444043
4,25,220,0.99129192,0.99308832,0.98444043
4,25,240,0.99129192,0.99308832,0.98444043
4,25,260,0.99129192,0.99308832,0.98444043
4,25,280,0.99129192,0.99308832,0.98444043
4,25,300,0.99129192,0.99308832,0.98444043
4,25,320,0.99129192,0.99308832,0.98444043
4,25,340,0.99129192,0.99308832,0.98444043
4,25,360,0.99129192,0.99308832,0.98444043
4,25,380,0.99129192,0.99308832,0.98444043
4,25,400,0.99129192,0.99308832,0.98444043
4,25,420,0.99129192,0.99308832,0.98444043
4,25,440,0.99129192,0.99308832,0.98444043
4,25,460,0.99129192,0.99308832,0.98444043
4,25,480,0.99129192,0.99308832,0.98444043
4,25,500,0.99129192,0.99308832,0.98444043
4,25,520,0.99129192,0.99308832,0.98444043
4,25,540,0.99129192,0.99308832,0.98444043
4,25,560,0.99129192,0.99308832,0.98444043
4,25,580,0.99129192,0.99308832,0.98444043
4,25,600,0.99129192,0.99308832,0.98444043
4,25,620,0.99129192,0.99308832,0.98444043
4,25,640,0.99129192,0.99308832,0.98444043
4,25,660,0.99129192,0.99308832,0.98444043
4,25,680,0.99129192,0.99308832,0.98444043
4,25,700,0.99129192,0.99308832,0.98444043
4,25,720,0.99129192,0.99308832,0.98444043
4,25,740,0.99129192,0.99308832,0.98444043
4,25,760,0.99129192,0.99308832,0.98444043
4,25,780,0.99129192,0.99308832,0.98444043
4,25,800,0.99129192,0.99308832,0.98444043
4,25,820,0.99129192,0.99308832,0.98444043
4,25,840,0.99129192,0.99308832,0.98444043
4,25,860,0.99129192,0.99308832,0.98444043
4,25,880,0.99129192,0.99308832,0.98444043
4,25,900,0.99129192,0.99308832,0.98444043
4,25,920,0.99129192,0.99308832,0.98444043
4,25,940,0.99129192,0.99308832,0.98444043
4,25,960,0.99129192,0.99308832,0.98444043
4,25,980,0.99129192,0.99308832,0.98444043
4,25,1000,0.99129192,0.99308832,0.98444043
4,25,1020,0.99129192,0.99308832,0.98444043
4,25,1040,0.99129192,0.99308832,0.98444043
4,25,1060,0.99129192,0.99308832,0.98444043
4,25,1080,0.99129192,0.99308832,0.98444043
4,25,1100,0.99129192,0.99308832,0.98444043
4,25,1120,0.99129192,0.99308832,0.98444043
4,25,1140,0.99129192,0.99308832,0.98444043
4,25,1160,0.99129192,0.99308832,0.98444043
4,25,1180,0.99129192,0.99308832,0.98444043
4,25,1200,0.99129192,0.99308832,0.98444043
4,25,1220,0.99129192,0.99308832,0.98444043
4,25,1240,0.99129192,0.99308832,0.98444043
4,25,1260,0.99129192,0.99308832,0.98444043
4,25,1280,0.99129192,0.99308832,0.98444043
4,25,1300,0.99129192,0.99308832,0.98444043
4,25,1320,0.99129192,0.99308832,0.98444043
4,25,1340,0.99129192,0.99308832,0.98444043
4,25,1360,0.99129192,0.99308832,0.98444043
4,25,1380,0.99129192,0.99308832,0.98444043
4,25,1400,0.99129192,0.99308832,0.98444043
4,25,1420,0.99129192,0.99308832,0.98444043
4,25,1440,0.99129192,0.99308832,0.98444043
4,25,1460,0.99129192,0.99308832,0.98444043
4,25,1480,0.99129192,0.99308832,0.98444043
4,25,1500,0.99129192,0.99308832,0.98444043
4,25,1520,0.99129192,0.99308832,0.98444043
4,25,1540,0.99129192,0.99308832,0.98444043
4,25,1560,0.99129192,0.99308832,0.98444043
4,25,1580,0.99129192,0.99308832,0.98444043
4,25,1600,0.99129192,0.99308832,0.98444043
4,25,1620,0.99129192,0.99308832,0.98444043
4,25,1640,0.99129192,0.99308832,0.98444043
4,25,1660,0.99129192,0.99308832,0.98444043
4,25,1680,0.99129192,0.99308832,0.98444043
4,25,1700,0.99129192,0.99308832,0.98444043
4,25,1720,0.99129192,0.99308832,0.98444043
4,25,1740,0.99129192,0.99308832,0.98444043
4,25,1760,0.99129192,0.99308832,0.98444043
4,25,1780,0.99129192,0.99308832,0.98444043
4,25,1800,0.99129192,0.99308832,0.98444043
4,25,1820,0.99129192,0.99308832,0.98444043
4,25,1840,0.99129192,0.99308832,0.98444043
4,25,1860,0.99129192,0.99308832,0.98444043
4,25,1880,0.99129192,0.99308832,0.98444043
4,25,1900,0.99129192,0.99308832,0.98444043
4,25,1920,0.99129192,0.99308832,0.98444043
4,25,1940,0.99129192,0.99308832,0.98444043
4,25,1960,0.99129192,0.99308832,0.98444043
4,25,1980,0.99129192,0.99308832,0.98444043
4,25,2000,0.99129192,0.99308832,0.98444043
4,25,2020,0.99129192,0.99308832,0.98444043
4,25,2040,0.99129192,0.99308832,0.98444043
4,25,2060,0.99129192,0.99308832,0.98444043
4,25,2080,0.99129192,0.99308832,0.98444043
4,25,2100,0.99129192,0.99308832,0.98444043
4,25,2120,0.99129192,0.99308832,0.98444043
4,25,2140,0.99129192,0.99308832,0.98444043
4,25,2160,0.99129192,0.99308832,0.98444043
4,25,2180,0.99129192,0.99308832,0.98444043
4,25,2200,0.99129192,0.99308832,0.98444043
4,25,2220,0.99129192,0.99308832,0.98444043
4,25,2240,0.99129192,0.99308832,0.98444043
4,25,2260,0.99129192,0.99308832,0.98444043
4,25,2280,0.99129192,0.99308832,0.98444043
4,25,2300,0.99129192,0.99308832,0.98444043
4,25,2320,0.99129192,0.99308832,0.98444043
4,25,2340,0.99129192,0.99308832,0.98444043
4,25,2360,0.99129192,0.99308832,0.98444043
4,25,2380,0.99129192,0.99308832,0.98444043
4,25,2400,0.99129192,0.99308832,0.98444043
4,25,2420,0.99129192,0.99308832,0.98444043
4,25,2440,0.99129192,0.99308832,0.98444043
4,25,2460,0.99129192,0.99308832,0.98444043
4,25,2480,0.99129192,0.99308832,0.98444043
4,25,2500,0.99129192,0.99308832,0.98444043
4,25,2520,0.99129192,0.99308832,0.98444043
4,25,2540,0.99129192,0.99308832,0.98444043
4,25,2560,0.99129192,0.99308832,0.98444043
4,25,2580,0.99129192,0.99308832,0.98444043
4,25,2600,0.99129192,0.99308832,0.98444043
4,25,2620,0.99129192,0.99308832,0.98444043
4,25,2640,0.99129192,0.99308832,0.98444043
4,25,2660,0.99129192,0.99308832,0.98444043
4,25,2680,0.99129192,0.99308832,0.98444043
4,25,2700,0.99129192,0.99308832,0.98444043
4,25,2720,0.99129192,0.99308832,0.98444043
4,25,2740,0.99129192,0.99308832,0.98444043
4,25,2760,0.99129192,0.99308832,0.98444043
4,25,2780,0.99129192,0.99308832,0.98444043
4,25,2800,0.99129192,0.99308832,0.98444043
4,25,2820,0.99129192,0.99308832,0.98444043
4,25,2840,0.99129192,0.99308832,0.98444043
4,25,2860,0.99129192,0.99308832,0.98444043
4,25,2880,0.99129192,0.99308832,0.98444043
4,25,2900,0.99129192,0.99308832,0.98444043
4,25,2920,0.99129192,0.99308832,0.98444043
4,25,2940,0.99129192,0.99308832,0.98444043
4,25,2960,0.99129192,0.99308832,0.98444043
4,25,2980,0.99129192,0.99308832,0.98444043
4,25,3000,0.99129192,0.99308832,0.98444043
4,25,3020,0.99129192,0.99308832,0.98444043
4,25,3040,0.99129192,0.99308832,0.98444043
4,25,3060,0.99129192,0.99308832,0.98444043
4,25,3080,0.99129192,0.99308832,0.98444043
4,25,3100,0.99129192,0.99308832,0.98444043
4,25,3120,0.99129192,0.99308832,0.98444043
4,25,3140,0.99129192,0.99308832,0.98444043
4,25,3160,0.99129192,0.99308832,0.98444043
4,25,3180,0.99129192,0.99308832,0.98444043
4,25,3200,0.99129192,0.99308832,0.98444043
4,25,3220,0.99129192,0.99308832,0.98444043
4,25,3240,0.99129192,0.99308832,0.98444043
4,25,3260,0.99129192,0.99308832,0.98444043
4,25,3280,0.99129192,0.99308832,0.98444043
4,25,3300,0.99129192,0.99308832,0.98444043
4,25,3320,0.99129192,0.99308832,0.98444043
4,25,3340,0.99129192,0.99308832,0.98444043
4,25,3360,0.99129192,0.99308832,0.98444043
4,25,3380,0.99129192,0.99308832,0.98444043
4,25,3400,0.99129192,0.99308832,0.98444043
4,25,3420,0.99129192,0.99308832,0.98444043
4,25,3440,0.99129192,0.99308832,0.98444043
4,25,3460,0.99129192,0.99308832,0.98444043
4,25,3480,0.99129192,0.99308832,0.98444043
4,25,3500,0.99129192,0.99308832,0.98444043
4,25,3520,0.99129192,0.99308832,0.98444043
4,25,3540,0.99129192,0.99308832,0.98444043
4,25,3560,0.99129192,0.99308832,0.98444043
4,25,3580,0.99129192,0.99308832,0.98444043
4,25,3600,0.99129192,0.99308832,0.98444043
4,25,3620,0.99129192,0.99308832,0.98444043
4,25,3640,0.99129192,0.99308832,0.98444043
4,25,3660,0.99129192,0.99308832,0.98444043
4,25,3680,0.99129192,0.99308832,0.98444043
4,25,3700,0.99129192,0.99308832,0.98444043
4,25,3720,0.99129192,0.99308832,0.98444043
4,25,3740,0.99129192,0.99308832,0.98444043
4,25,3760,0.99129192,0.99308832,0.98444043
4,25,3780,0.99129192,0.99308832,0.98444043
4,25,3800,0.99129192,0.99308832,0.98444043
4,25,3820,0.99129192,0.99308832,0.98444043
4,25,3840,0.99129192,0.99308832,0.98444043
4,25,3860,0.99129192,0.99308832,0.98444043
4,25,3880,0.99129192,0.99308832,0.98444043
4,25,3900,0.99129192,0.99308832,0.98444043
4,25,3920,0.99129192,0.99308832,0.98444043
4,25,3940,0.99129192,0.99308832,0.98444043
4,25,3960,0.99129192,0.99308832,0.98444043
4,25,3980,0.99129192,0.99308832,0.98444043
4,25,4000,0.99129192,0.99308832,0.98444043
8,50,0,0.10000000,0.99900000,0.09990000
8,50,10,0.15227322,0.97795203,0.14891591
8,50,20,0.23010352,0.98330521,0.22626199
8,50,30,0.34876600,0.98737467,0.34436272
8,50,40,0.52986815,0.99046212,0.52481433
8,50,50,0.80645369,0.99280037,0.80064753
8,50,60,1.00000000,0.99455141,0.99455141
8,50,70,1.00000000,0.99455141,0.99455141
8,50,80,1.00000000,0.99455141,0.99455141
8,50,90,1.00000000,0.99455141,0.99455141
8,50,100,1.00000000,0.99455141,0.99455141
8,50,110,1.00000000,0.99455141,0.99455141
8,50,120,1.00000000,0.99455141,0.99455141
8,50,130,1.00000000,0.99455141,0.99455141
8,50,140,1.00000000,0.99455141,0.99455141
8,50,150,1.00000000,0.99455141,0.99455141
8,50,160,1.00000000,0.99455141,0.99455141
8,50,170,1.00000000,0.99455141,0.99455141
8,50,180,1.00000000,0.99455141,0.99455141
8,50,190,1.00000000,0.99455141,0.99455141
8,50,200,1.00000000,0.99455141,0.99455141
8,50,210,1.00000000,0.99455141,0.99455141
8,50,220,1.00000000,0.99455141,0.99455141
8,50,230,1.00000000,0.99455141,0.99455141
8,50,240,1.00000000,0.99455141,0.99455141
8,50,250,1.00000000,0.99455141,0.99455141
8,50,260,1.00000000,0.99455141,0.99455141
8,50,270,1.00000000,0.99455141,0.99455141
8,50,280,1.00000000,0.99455141,0.99455141
8,50,290,1.00000000,0.99455141,0.99455141
8,50,300,1.00000000,0.99455141,0.99455141
8,50,310,1.00000000,0.99455141,0.99455141
8,50,320,1.00000000,0.99455141,0.99455141
8,50,330,1.00000000,0.99455141,0.99455141
8,50,340,1.00000000,0.99455141,0.99455141
8,50,350,1.00000000,0.99455141,0.99455141
8,50,360,1.00000000,0.99455141,0.99455141
8,50,370,1.00000000,0.99455141,0.99455141
8,50,380,1.00000000,0.99455141,0.99455141
8,50,390,1.00000000,0.99455141,0.99455141
8,50,400,1.00000000,0.99455141,0.99455141
8,50,410,1.00000000,0.99455141,0.99455141
8,50,420,1.00000000,0.99455141,0.99455141
8,50,430,1.00000000,0.99455141,0.99455141
8,50,440,1.00000000,0.99455141,0.99455141
8,50,450,1.00000000,0.99455141,0.99455141
8,50,460,1.00000000,0.99455141,0.99455141
8,50,470,1.00000000,0.99455141,0.99455141
8,50,480,1.00000000,0.99455141,0.99455141
8,50,490,1.00000000,0.99455141,0.99455141
8,50,500,1.00000000,0.99455141,0.99455141
8,50,510,1.00000000,0.99455141,0.99455141
8,50,520,1.00000000,0.99455141,0.99455141
8,50,530,1.00000000,0.99455141,0.99455141
8,50,540,1.00000000,0.99455141,0.99455141
8,50,550,1.00000000,0.99455141,0.99455141
8,50,560,1.00000000,0.99455141,0.99455141
8,50,570,1.00000000,0.99455141,0.99455141
8,50,580,1.00000000,0.99455141,0.99455141
8,50,590,1.00000000,0.99455141,0.99455141
8,50,600,1.00000000,0.99455141,0.99455141
8,50,610,1.00000000,0.99455141,0.99455141
8,50,620,1.00000000,0.99455141,0.99455141
8,50,630,1.00000000,0.99455141,0.99455141
8,50,640,1.00000000,0.99455141,0.99455141
8,50,650,1.00000000,0.99455141,0.99455141
8,50,660,1.00000000,0.99455141,0.99455141
8,50,670,1.00000000,0.99455141,0.99455141
8,50,680,1.00000000,0.99455141,0.99455141
8,50,690,1.00000000,0.99455141,0.99455141
8,50,700,1.00000000,0.99455141,0.99455141
8,50,710,1.00000000,0.99455141,0.99455141
8,50,720,1.00000000,0.99455141,0.99455141
8,50,730,1.00000000,0.99455141,0.99455141
8,50,740,1.00000000,0.99455141,0.99455141
8,50,750,1.00000000,0.99455141,0.99455141
8,50,760,1.00000000,0.99455141,0.99455141
8,50,770,1.00000000,0.99455141,0.99455141
8,50,780,1.00000000,0.99455141,0.99455141
8,50,790,1.00000000,0.99455141,0.99455141
8,50,800,1.00000000,0.99455141,0.99455141
8,50,810,1.00000000,0.99455141,0.99455141
8,50,820,1.00000000,0.99455141,0.99455141
8,50,830,1.00000000,0.99455141,0.99455141
8,50,840,1.00000000,0.99455141,0.99455141
8,50,850,1.00000000,0.99455141,0.99455141
8,50,860,1.00000000,0.99455141,0.99455141
8,50,870,1.00000000,0.99455141,0.99455141
8,50,880,1.00000000,0.99455141,0.99455141
8,50,890,1.00000000,0.99455141,0.99455141
8,50,900,1.00000000,0.99455141,0.99455141
8,50,910,1.00000000,0.99455141,0.99455141
8,50,920,1.00000000,0.99455141,0.99455141
8,50,930,1.00000000,0.99455141,0.99455141
8,50,940,1.00000000,0.99455141,0.99455141
8,50,950,1.00000000,0.99455141,0.99455141
8,50,960,1.00000000,0.99455141,0.99455141
8,50,970,1.00000000,0.99455141,0.99455141
8,50,980,1.00000000,0.99455141,0.99455141
8,50,990,1.00000000,0.99455141,0.99455141
8,50,1000,1.00000000,0.99455141,0.99455141
8,50,1010,1.00000000,0.99455141,0.99455141
8,50,1020,1.00000000,0.99455141,0.99455141
8,50,1030,1.00000000,0.99455141,0.99455141
8,50,1040,1.00000000,0.99455141,0.99455141
8,50,1050,1.00000000,0.99455141,0.99455141
8,50,1060,1.00000000,0.99455141,0.99455141
8,50,1070,1.00000000,0.99455141,0.99455141
8,50,1080,1.00000000,0.99455141,0.99455141
8,50,1090,1.00000000,0.99455141,0.99455141
8,50,1100,1.00000000,0.99455141,0.99455141
8,50,1110,1.00000000,0.99455141,0.99455141
8,50,1120,1.00000000,0.99455141,0.99455141
8,50,1130,1.00000000,0.99455141,0.99455141
8,50,1140,1.00000000,0.99455141,0.99455141
8,50,1150,1.00000000,0.99455141,0.99455141
8,50,1160,1.00000000,0.99455141,0.99455141
8,50,1170,1.00000000,0.99455141,0.99455141
8,50,1180,1.00000000,0.99455141,0.99455141
8,50,1190,1.00000000,0.99455141,0.99455141
8,50,1200,1.00000000,0.99455141,0.99455141
8,50,1210,1.00000000,0.99455141,0.99455141
8,50,1220,1.00000000,0.99455141,0.99455141
8,50,1230,1.00000000,0.99455141,0.99455141
8,50,1240,1.00000000,0.99455141,0.99455141
8,50,1250,1.00000000,0.99455141,0.99455141
8,50,1260,1.00000000,0.99455141,0.99455141
8,50,1270,1.00000000,0.99455141,0.99455141
8,50,1280,1.00000000,0.99455141,0.99455141
8,50,1290,1.00000000,0.99455141,0.99455141
8,50,1300,1.00000000,0.99455141,0.99455141
8,50,1310,1.00000000,0.99455141,0.99455141
8,50,1320,1.00000000,0.99455141,0.99455141
8,50,1330,1.00000000,0.99455141,0.99455141
8,50,1340,1.00000000,0.99455141,0.99455141
8,50,1350,1.00000000,0.99455141,0.99455141
8,50,1360,1.00000000,0.99455141,0.99455141
8,50,1370,1.00000000,0.99455141,0.99455141
8,50,1380,1.00000000,0.99455141,0.99455141
8,50,1390,1.00000000,0.99455141,0.99455141
8,50,1400,1.00000000,0.99455141,0.99455141
8,50,1410,1.00000000,0.99455141,0.99455141
8,50,1420,1.00000000,0.99455141,0.99455141
8,50,1430,1.00000000,0.99455141,0.99455141
8,50,1440,1.00000000,0.99455141,0.99455141
8,50,1450,1.00000000,0.99455141,0.99455141
8,50,1460,1.00000000,0.99455141,0.99455141
8,50,1470,1.00000000,0.99455141,0.99455141
8,50,1480,1.00000000,0.99455141,0.99455141
8,50,1490,1.00000000,0.99455141,0.99455141
8,50,1500,1.00000000,0.99455141,0.99455141
8,50,1510,1.00000000,0.99455141,0.99455141
8,50,1520,1.00000000,0.99455141,0.99455141
8,50,1530,1.00000000,0.99455141,0.99455141
8,50,1540,1.00000000,0.99455141,0.99455141
8,50,1550,1.00000000,0.99455141,0.99455141
8,50,1560,1.00000000,0.99455141,0.99455141
8,50,1570,1.00000000,0.99455141,0.99455141
8,50,1580,1.00000000,0.99455141,0.99455141
8,50,1590,1.00000000,0.99455141,0.99455141
8,50,1600,1.00000000,0.99455141,0.99455141
8,50,1610,1.00000000,0.99455141,0.99455141
8,50,1620,1.00000000,0.99455141,0.99455141
8,50,1630,1.00000000,0.99455141,0.99455141
8,50,1640,1.00000000,0.99455141,0.99455141
8,50,1650,1.00000000,0.99455141,0.99455141
8,50,1660,1.00000000,0.99455141,0.99455141
8,50,1670,1.00000000,0.99455141,0.99455141
8,50,1680,1.00000000,0.99455141,0.99455141
8,50,1690,1.00000000,0.99455141,0.99455141
8,50,1700,1.00000000,0.99455141,0.99455141
8,50,1710,1.00000000,0.99455141,0.99455141
8,50,1720,1.00000000,0.99455141,0.99455141
8,50,1730,1.00000000,0.99455141,0.99455141
8,50,1740,1.00000000,0.99455141,0.99455141
8,50,1750,1.00000000,0.99455141,0.99455141
8,50,1760,1.00000000,0.99455141,0.99455141
8,50,1770,1.00000000,0.99455141,0.99455141
8,50,1780,1.00000000,0.99455141,0.99455141
8,50,1790,1.00000000,0.99455141,0.99455141
8,50,1800,1.00000000,0.99455141,0.99455141
8,50,1810,1.00000000,0.99455141,0.99455141
8,50,1820,1.00000000,0.99455141,0.99455141
8,50,1830,1.00000000,0.99455141,0.99455141
8,50,1840,1.00000000,0.99455141,0.99455141
8,50,1850,1.00000000,0.99455141,0.99455141
8,50,1860,1.00000000,0.99455141,0.99455141
8,50,1870,1.00000000,0.99455141,0.99455141
8,50,1880,1.00000000,0.99455141,0.99455141
8,50,1890,1.00000000,0.99455141,0.99455141
8,50,1900,1.00000000,0.99455141,0.99455141
8,50,1910,1.00000000,0.99455141,0.99455141
8,50,1920,1.00000000,0.99455141,0.99455141
8,50,1930,1.00000000,0.99455141,0.99455141
8,50,1940,1.00000000,0.99455141,0.99455141
8,50,1950,1.00000000,0.99455141,0.99455141
8,50,1960,1.00000000,0.99455141,0.99455141
8,50,1970,1.00000000,0.99455141,0.99455141
8,50,1980,1.00000000,0.99455141,0.99455141
8,50,1990,1.00000000,0.99455141,0.99455141
8,50,2000,1.00000000,0.99455141,0.99455141
15,50,0,0.10000000,0.99900000,0.09990000
15,50,5,0.12403660,0.97467549,0.12089543
15,50,10,0.15227322,0.97795203,0.14891591
15,50,15,0.18710738,0.98081122,0.18351702
15,50,20,0.23010352,0.98330521,0.22626199
15,50,25,0.28319369,0.98547971,0.27908163
15,50,30,0.34876600,0.98737467,0.34436272
15,50,35,0.42977346,0.98902519,0.42505677
15,50,40,0.52986815,0.99046212,0.52481433
15,50,45,0.65356694,0.99171257,0.64815055
15,50,50,0.80645369,0.99280037,0.80064753
15,50,55,0.98767279,0.99388529,0.98163346
15,50,60,1.00000000,0.99455141,0.99455141
15,50,65,1.00000000,0.99455141,0.99455141
15,50,70,1.00000000,0.99455141,0.99455141
15,50,75,1.00000000,0.99455141,0.99455141
15,50,80,1.00000000,0.99455141,0.99455141
15,50,85,1.00000000,0.99455141,0.99455141
15,50,90,1.00000000,0.99455141,0.99455141
15,50,95,1.00000000,0.99455141,0.99455141
15,50,100,1.00000000,0.99455141,0.99455141
15,50,105,1.00000000,0.99455141,0.99455141
15,50,110,1.00000000,0.99455141,0.99455141
15,50,115,1.00000000,0.99455141,0.99455141
15,50,120,1.00000000,0.99455141,0.99455141
15,50,125,1.00000000,0.99455141,0.99455141
15,50,130,1.00000000,0.99455141,0.99455141
15,50,135,1.00000000,0.99455141,0.99455141
15,50,140,1.00000000,0.99455141,0.99455141
15,50,145,1.00000000,0.99455141,0.99455141
15,50,150,1.00000000,0.99455141,0.99455141
15,50,155,1.00000000,0.99455141,0.99455141
15,50,160,1.00000000,0.99455141,0.99455141
15,50,165,1.00000000,0.99455141,0.99455141
15,50,170,1.00000000,0.99455141,0.99455141
15,50,175,1.00000000,0.99455141,0.99455141
15,50,180,1.00000000,0.99455141,0.99455141
15,50,185,1.00000000,0.99455141,0.99455141
15,50,190,1.00000000,0.99455141,0.99455141
15,50,195,1.00000000,0.99455141,0.99455141
15,50,200,1.00000000,0.99455141,0.99455141
15,50,205,1.00000000,0.99455141,0.99455141
15,50,210,1.00000000,0.99455141,0.99455141
15,50,215,1.00000000,0.99455141,0.99455141
15,50,220,1.00000000,0.99455141,0.99455141
15,50,225,1.00000000,0.99455141,0.99455141
15,50,230,1.00000000,0.99455141,0.99455141
15,50,235,1.00000000,0.99455141,0.99455141
15,50,240,1.00000000,0.99455141,0.99455141
15,50,245,1.00000000,0.99455141,0.99455141
15,50,250,1.00000000,0.99455141,0.99455141
15,50,255,1.00000000,0.99455141,0.99455141
15,50,260,1.00000000,0.99455141,0.99455141
15,50,265,1.00000000,0.99455141,0.99455141
15,50,270,1.00000000,0.99455141,0.99455141
15,50,275,1.00000000,0.99455141,0.99455141
15,50,280,1.00000000,0.99455141,0.99455141
15,50,285,1.00000000,0.99455141,0.99455141
15,50,290,1.00000000,0.99455141,0.99455141
15,50,295,1.00000000,0.99455141,0.99455141
15,50,300,1.00000000,0.99455141,0.99455141
15,50,305,1.00000000,0.99455141,0.99455141
15,50,310,1.00000000,0.99455141,0.99455141
15,50,315,1.00000000,0.99455141,0.99455141
15,50,320,1.00000000,0.99455141,0.99455141
15,50,325,1.00000000,0.99455141,0.99455141
15,50,330,1.00000000,0.99455141,0.99455141
15,50,335,1.00000000,0.99455141,0.99455141
15,50,340,1.00000000,0.99455141,0.99455141
15,50,345,1.00000000,0.99455141,0.99455141
15,50,350,1.00000000,0.99455141,0.99455141
15,50,355,1.00000000,0.99455141,0.99455141
15,50,360,1.00000000,0.99455141,0.99455141
15,50,365,1.00000000,0.99455141,0.99455141
15,50,370,1.00000000,0.99455141,0.99455141
15,50,375,1.00000000,0.99455141,0.99455141
15,50,380,1.00000000,0.99455141,0.99455141
15,50,385,1.00000000,0.99455141,0.99455141
15,50,390,1.00000000,0.99455141,0.99455141
15,50,395,1.00000000,0.99455141,0.99455141
15,50,400,1.00000000,0.99455141,0.99455141
15,50,405,1.00000000,0.99455141,0.99455141
15,50,410,1.00000000,0.99455141,0.99455141
15,50,415,1.00000000,0.99455141,0.99455141
15,50,420,1.00000000,0.99455141,0.99455141
15,50,425,1.00000000,0.99455141,0.99455141
15,50,430,1.00000000,0.99455141,0.99455141
15,50,435,1.00000000,0.99455141,0.99455141
15,50,440,1.00000000,0.99455141,0.99455141
15,50,445,1.00000000,0.99455141,0.99455141
15,50,450,1.00000000,0.99455141,0.99455141
15,50,455,1.00000000,0.99455141,0.99455141
15,50,460,1.00000000,0.99455141,0.99455141
15,50,465,1.00000000,0.99455141,0.99455141
15,50,470,1.00000000,0.99455141,0.99455141
15,50,475,1.00000000,0.99455141,0.99455141
15,50,480,1.00000000,0.99455141,0.99455141
15,50,485,1.00000000,0.99455141,0.99455141
15,50,490,1.00000000,0.99455141,0.99455141
15,50,495,1.00000000,0.99455141,0.99455141
15,50,500,1.00000000,0.99455141,0.99455141
15,50,505,1.00000000,0.99455141,0.99455141
15,50,510,1.00000000,0.99455141,0.99455141
15,50,515,1.00000000,0.99455141,0.99455141
15,50,520,1.00000000,0.99455141,0.99455141
15,50,525,1.00000000,0.99455141,0.99455141
15,50,530,1.00000000,0.99455141,0.99455141
15,50,535,1.00000000,0.99455141,0.99455141
15,50,540,1.00000000,0.99455141,0.99455141
15,50,545,1.00000000,0.99455141,0.99455141
15,50,550,1.00000000,0.99455141,0.99455141
15,50,555,1.00000000,0.99455141,0.99455141
15,50,560,1.00000000,0.99455141,0.99455141
15,50,565,1.00000000,0.99455141,0.99455141
15,50,570,1.00000000,0.99455141,0.99455141
15,50,575,1.00000000,0.99455141,0.99455141
15,50,580,1.00000000,0.99455141,0.99455141
15,50,585,1.00000000,0.99455141,0.99455141
15,50,590,1.00000000,0.99455141,0.99455141
15,50,595,1.00000000,0.99455141,0.99455141
15,50,600,1.00000000,0.99455141,0.99455141
15,50,605,1.00000000,0.99455141,0.99455141
15,50,610,1.00000000,0.99455141,0.99455141
15,50,615,1.00000000,0.99455141,0.99455141
15,50,620,1.00000000,0.99455141,0.99455141
15,50,625,1.00000000,0.99455141,0.99455141
15,50,630,1.00000000,0.99455141,0.99455141
15,50,635,1.00000000,0.99455141,0.99455141
15,50,640,1.00000000,0.99455141,0.99455141
15,50,645,1.00000000,0.99455141,0.99455141
15,50,650,1.00000000,0.99455141,0.99455141
15,50,655,1.00000000,0.99455141,0.99455141
15,50,660,1.00000000,0.99455141,0.99455141
15,50,665,1.00000000,0.99455141,0.99455141
15,50,670,1.00000000,0.99455141,0.99455141
15,50,675,1.00000000,0.99455141,0.99455141
15,50,680,1.00000000,0.99455141,0.99455141
15,50,685,1.00000000,0.99455141,0.99455141
15,50,690,1.00000000,0.99455141,0.99455141
15,50,695,1.00000000,0.99455141,0.99455141
15,50,700,1.00000000,0.99455141,0.99455141
15,50,705,1.00000000,0.99455141,0.99455141
15,50,710,1.00000000,0.99455141,0.99455141
15,50,715,1.00000000,0.99455141,0.99455141
15,50,720,1.00000000,0.99455141,0.99455141
15,50,725,1.00000000,0.99455141,0.99455141
15,50,730,1.00000000,0.99455141,0.99455141
15,50,735,1.00000000,0.99455141,0.99455141
15,50,740,1.00000000,0.99455141,0.99455141
15,50,745,1.00000000,0.99455141,0.99455141
15,50,750,1.00000000,0.99455141,0.99455141
15,50,755,1.00000000,0.99455141,0.99455141
15,50,760,1.00000000,0.99455141,0.99455141
15,50,765,1.00000000,0.99455141,0.99455141
15,50,770,1.00000000,0.99455141,0.99455141
15,50,775,1.00000000,0.99455141,0.99455141
15,50,780,1.00000000,0.99455141,0.99455141
15,50,785,1.00000000,0.99455141,0.99455141
15,50,790,1.00000000,0.99455141,0.99455141
15,50,795,1.00000000,0.99455141,0.99455141
15,50,800,1.00000000,0.99455141,0.99455141
15,50,805,1.00000000,0.99455141,0.99455141
15,50,810,1.00000000,0.99455141,0.99455141
15,50,815,1.00000000,0.99455141,0.99455141
15,50,820,1.00000000,0.99455141,0.99455141
15,50,825,1.00000000,0.99455141,0.99455141
15,50,830,1.00000000,0.99455141,0.99455141
15,50,835,1.00000000,0.99455141,0.99455141
15,50,840,1.00000000,0.99455141,0.99455141
15,50,845,1.00000000,0.99455141,0.99455141
15,50,850,1.00000000,0.99455141,0.99455141
15,50,855,1.00000000,0.99455141,0.99455141
15,50,860,1.00000000,0.99455141,0.99455141
15,50,865,1.00000000,0.99455141,0.99455141
15,50,870,1.00000000,0.99455141,0.99455141
15,50,875,1.00000000,0.99455141,0.99455141
15,50,880,1.00000000,0.99455141,0.99455141
15,50,885,1.00000000,0.99455141,0.99455141
15,50,890,1.00000000,0.99455141,0.99455141
15,50,895,1.00000000,0.99455141,0.99455141
15,50,900,1.00000000,0.99455141,0.99455141
15,50,905,1.00000000,0.99455141,0.99455141
15,50,910,1.00000000,0.99455141,0.99455141
15,50,915,1.00000000,0.99455141,0.99455141
15,50,920,1.00000000,0.99455141,0.99455141
15,50,925,1.00000000,0.99455141,0.99455141
15,50,930,1.00000000,0.99455141,0.99455141
15,50,935,1.00000000,0.99455141,0.99455141
15,50,940,1.00000000,0.99455141,0.99455141
15,50,945,1.00000000,0.99455141,0.99455141
15,50,950,1.00000000,0.99455141,0.99455141
15,50,955,1.00000000,0.99455141,0.99455141
15,50,960,1.00000000,0.99455141,0.99455141
15,50,965,1.00000000,0.99455141,0.99455141
15,50,970,1.00000000,0.99455141,0.99455141
15,50,975,1.00000000,0.99455141,0.99455141
15,50,980,1.00000000,0.99455141,0.99455141
15,50,985,1.00000000,0.99455141,0.99455141
15,50,990,1.00000000,0.99455141,0.99455141
15,50,995,1.00000000,0.99455141,0.99455141
15,50,1000,1.00000000,0.99455141,0.99455141
20,70,0,0.10000000,0.99900000,0.09990000
20,70,2,0.11338928,0.97754542,0.11084317
20,70,4,0.12740071,0.97780243,0.12457273
20,70,6,0.14310504,0.97947429,0.14016771
20,70,8,0.16078905,0.98102443,0.15773798
20,70,10,0.18070578,0.98245927,0.17753606
20,70,12,0.20314013,0.98378725,0.19984667
20,70,14,0.22841316,0.98501617,0.22499065
20,70,16,0.25688673,0.98615324,0.25332968
20,70,18,0.28896877,0.98720517,0.28527147
20,70,20,0.32511922,0.98817817,0.32127572
20,70,22,0.36585664,0.98907804,0.36186077
20,70,24,0.41176574,0.98991014,0.40761108
20,70,26,0.46350584,0.99067948,0.45918573
20,70,28,0.52182038,0.99139070,0.51732787
20,70,30,0.58754764,0.99204812,0.58287553
20,70,32,0.66163284,0.99265572,0.65677362
20,70,34,0.74514141,0.99321724,0.74008730
20,70,36,0.83927222,0.99373614,0.83401514
20,70,38,0.94528598,0.99421656,0.93981898
20,70,40,1.00000000,0.99451475,0.99451475
20,70,42,1.00000000,0.99513132,0.99513132
20,70,44,1.00000000,0.99513137,0.99513137
20,70,46,1.00000000,0.99513137,0.99513137
20,70,48,1.00000000,0.99513137,0.99513137
20,70,50,1.00000000,0.99513137,0.99513137
20,70,52,1.00000000,0.99513137,0.99513137
20,70,54,1.00000000,0.99513137,0.99513137
20,70,56,1.00000000,0.99513137,0.99513137
20,70,58,1.00000000,0.99513137,0.99513137
20,70,60,1.00000000,0.99513137,0.99513137
20,70,62,1.00000000,0.99513137,0.99513137
20,70,64,1.00000000,0.99513137,0.99513137
20,70,66,1.00000000,0.99513137,0.99513137
20,70,68,1.00000000,0.99513137,0.99513137
20,70,70,1.00000000,0.99513137,0.99513137
20,70,72,1.00000000,0.99513137,0.99513137
20,70,74,1.00000000,0.99513137,0.99513137
20,70,76,1.00000000,0.99513137,0.99513137
20,70,78,1.00000000,0.99513137,0.99513137
20,70,80,1.00000000,0.99513137,0.99513137
20,70,82,1.00000000,0.99513137,0.99513137
20,70,84,1.00000000,0.99513137,0.99513137
20,70,86,1.00000000,0.99513137,0.99513137
20,70,88,1.00000000,0.99513137,0.99513137
20,70,90,1.00000000,0.99513137,0.99513137
20,70,92,1.00000000,0.99513137,0.99513137
20,70,94,1.00000000,0.99513137,0.99513137
20,70,96,1.00000000,0.99513137,0.99513137
20,70,98,1.00000000,0.99513137,0.99513137
20,70,100,1.00000000,0.99513137,0.99513137
20,70,102,1.00000000,0.99513137,0.99513137
20,70,104,1.00000000,0.99513137,0.99513137
20,70,106,1.00000000,0.99513137,0.99513137
20,70,108,1.00000000,0.99513137,0.99513137
20,70,110,1.00000000,0.99513137,0.99513137
20,70,112,1.00000000,0.99513137,0.99513137
20,70,114,1.00000000,0.99513137,0.99513137
20,70,116,1.00000000,0.99513137,0.99513137
20,70,118,1.00000000,0.99513137,0.99513137
20,70,120,1.00000000,0.99513137,0.99513137
20,70,122,1.00000000,0.99513137,0.99513137
20,70,124,1.00000000,0.99513137,0.99513137
20,70,126,1.00000000,0.99513137,0.99513137
20,70,128,1.00000000,0.99513137,0.99513137
20,70,130,1.00000000,0.99513137,0.99513137
20,70,132,1.00000000,0.99513137,0.99513137
20,70,134,1.00000000,0.99513137,0.99513137
20,70,136,1.00000000,0.99513137,0.99513137
20,70,138,1.00000000,0.99513137,0.99513137
20,70,140,1.00000000,0.99513137,0.99513137
20,70,142,1.00000000,0.99513137,0.99513137
20,70,144,1.00000000,0.99513137,0.99513137
20,70,146,1.00000000,0.99513137,0.99513137
20,70,148,1.00000000,0.99513137,0.99513137
20,70,150,1.00000000,0.99513137,0.99513137
20,70,152,1.00000000,0.99513137,0.99513137
20,70,154,1.00000000,0.99513137,0.99513137
20,70,156,1.00000000,0.99513137,0.99513137
20,70,158,1.00000000,0.99513137,0.99513137
20,70,160,1.00000000,0.99513137,0.99513137
20,70,162,1.00000000,0.99513137,0.99513137
20,70,164,1.00000000,0.99513137,0.99513137
20,70,166,1.00000000,0.99513137,0.99513137
20,70,168,1.00000000,0.99513137,0.99513137
20,70,170,1.00000000,0.99513137,0.99513137
20,70,172,1.00000000,0.99513137,0.99513137
20,70,174,1.00000000,0.99513137,0.99513137
20,70,176,1.00000000,0.99513137,0.99513137
20,70,178,1.00000000,0.99513137,0.99513137
20,70,180,1.00000000,0.99513137,0.99513137
20,70,182,1.00000000,0.99513137,0.99513137
20,70,184,1.00000000,0.99513137,0.99513137
20,70,186,1.00000000,0.99513137,0.99513137
20,70,188,1.00000000,0.99513137,0.99513137
20,70,190,1.00000000,0.99513137,0.99513137
20,70,192,1.00000000,0.99513137,0.99513137
20,70,194,1.00000000,0.99513137,0.99513137
20,70,196,1.00000000,0.99513137,0.99513137
20,70,198,1.00000000,0.99513137,0.99513137
20,70,200,1.00000000,0.99513137,0.99513137
20,70,202,1.00000000,0.99513137,0.99513137
20,70,204,1.00000000,0.99513137,0.99513137
20,70,206,1.00000000,0.99513137,0.99513137
20,70,208,1.00000000,0.99513137,0.99513137
20,70,210,1.00000000,0.99513137,0.99513137
20,70,212,1.00000000,0.99513137,0.99513137
20,70,214,1.00000000,0.99513137,0.99513137
20,70,216,1.00000000,0.99513137,0.99513137
20,70,218,1.00000000,0.99513137,0.99513137
20,70,220,1.00000000,0.99513137,0.99513137
20,70,222,1.00000000,0.99513137,0.99513137
20,70,224,1.00000000,0.99513137,0.99513137
20,70,226,1.00000000,0.99513137,0.99513137
20,70,228,1.00000000,0.99513137,0.99513137
20,70,230,1.00000000,0.99513137,0.99513137
20,70,232,1.00000000,0.99513137,0.99513137
20,70,234,1.00000000,0.99513137,0.99513137
20,70,236,1.00000000,0.99513137,0.99513137
20,70,238,1.00000000,0.99513137,0.99513137
20,70,240,1.00000000,0.99513137,0.99513137
20,70,242,1.00000000,0.99513137,0.99513137
20,70,244,1.00000000,0.99513137,0.99513137
20,70,246,1.00000000,0.99513137,0.99513137
20,70,248,1.00000000,0.99513137,0.99513137
20,70,250,1.00000000,0.99513137,0.99513137
20,70,252,1.00000000,0.99513137,0.99513137
20,70,254,1.00000000,0.99513137,0.99513137
20,70,256,1.00000000,0.99513137,0.99513137
20,70,258,1.00000000,0.99513137,0.99513137
20,70,260,1.00000000,0.99513137,0.99513137
20,70,262,1.00000000,0.99513137,0.99513137
20,70,264,1.00000000,0.99513137,0.99513137
20,70,266,1.00000000,0.99513137,0.99513137
20,70,268,1.00000000,0.99513137,0.99513137
20,70,270,1.00000000,0.99513137,0.99513137
20,70,272,1.00000000,0.99513137,0.99513137
20,70,274,1.00000000,0.99513137,0.99513137
20,70,276,1.00000000,0.99513137,0.99513137
20,70,278,1.00000000,0.99513137,0.99513137
20,70,280,1.00000000,0.99513137,0.99513137
20,70,282,1.00000000,0.99513137,0.99513137
20,70,284,1.00000000,0.99513137,0.99513137
20,70,286,1.00000000,0.99513137,0.99513137
20,70,288,1.00000000,0.99513137,0.99513137
20,70,290,1.00000000,0.99513137,0.99513137
20,70,292,1.00000000,0.99513137,0.99513137
20,70,294,1.00000000,0.99513137,0.99513137
20,70,296,1.00000000,0.99513137,0.99513137
20,70,298,1.00000000,0.99513137,0.99513137
20,70,300,1.00000000,0.99513137,0.99513137
20,70,302,1.00000000,0.99513137,0.99513137
20,70,304,1.00000000,0.99513137,0.99513137
20,70,306,1.00000000,0.99513137,0.99513137
20,70,308,1.00000000,0.99513137,0.99513137
20,70,310,1.00000000,0.99513137,0.99513137
20,70,312,1.00000000,0.99513137,0.99513137
20,70,314,1.00000000,0.99513137,0.99513137
20,70,316,1.00000000,0.99513137,0.99513137
20,70,318,1.00000000,0.99513137,0.99513137
20,70,320,1.00000000,0.99513137,0.99513137
20,70,322,1.00000000,0.99513137,0.99513137
20,70,324,1.00000000,0.99513137,0.99513137
20,70,326,1.00000000,0.99513137,0.99513137
20,70,328,1.00000000,0.99513137,0.99513137
20,70,330,1.00000000,0.99513137,0.99513137
20,70,332,1.00000000,0.99513137,0.99513137
20,70,334,1.00000000,0.99513137,0.99513137
20,70,336,1.00000000,0.99513137,0.99513137
20,70,338,1.00000000,0.99513137,0.99513137
20,70,340,1.00000000,0.99513137,0.99513137
20,70,342,1.00000000,0.99513137,0.99513137
20,70,344,1.00000000,0.99513137,0.99513137
20,70,346,1.00000000,0.99513137,0.99513137
20,70,348,1.00000000,0.99513137,0.99513137
20,70,350,1.00000000,0.99513137,0.99513137
20,70,352,1.00000000,0.99513137,0.99513137
20,70,354,1.00000000,0.99513137,0.99513137
20,70,356,1.00000000,0.99513137,0.99513137
20,70,358,1.00000000,0.99513137,0.99513137
20,70,360,1.00000000,0.99513137,0.99513137
20,70,362,1.00000000,0.99513137,0.99513137
20,70,364,1.00000000,0.99513137,0.99513137
20,70,366,1.00000000,0.99513137,0.99513137
20,70,368,1.00000000,0.99513137,0.99513137
20,70,370,1.00000000,0.99513137,0.99513137
20,70,372,1.00000000,0.99513137,0.99513137
20,70,374,1.00000000,0.99513137,0.99513137
20,70,376,1.00000000,0.99513137,0.99513137
20,70,378,1.00000000,0.99513137,0.99513137
20,70,380,1.00000000,0.99513137,0.99513137
20,70,382,1.00000000,0.99513137,0.99513137
20,70,384,1.00000000,0.99513137,0.99513137
20,70,386,1.00000000,0.99513137,0.99513137
20,70,388,1.00000000,0.99513137,0.99513137
20,70,390,1.00000000,0.99513137,0.99513137
20,70,392,1.00000000,0.99513137,0.99513137
20,70,394,1.00000000,0.99513137,0.99513137
20,70,396,1.00000000,0.99513137,0.99513137
20,70,398,1.00000000,0.99513137,0.99513137
20,70,400,1.00000000,0.99513137,0.99513137
20,70,402,1.00000000,0.99513137,0.99513137
20,70,404,1.00000000,0.99513137,0.99513137
20,70,406,1.00000000,0.99513137,0.99513137
20,70,408,1.00000000,0.99513137,0.99513137
20,70,410,1.00000000,0.99513137,0.99513137
20,70,412,1.00000000,0.99513137,0.99513137
20,70,414,1.00000000,0.99513137,0.99513137
20,70,416,1.00000000,0.99513137,0.99513137
20,70,418,1.00000000,0.99513137,0.99513137
20,70,420,1.00000000,0.99513137,0.99513137
20,70,422,1.00000000,0.99513137,0.99513137
20,70,424,1.00000000,0.99513137,0.99513137
20,70,426,1.00000000,0.99513137,0.99513137
20,70,428,1.00000000,0.99513137,0.99513137
20,70,430,1.00000000,0.99513137,0.99513137
20,70,432,1.00000000,0.99513137,0.99513137
20,70,434,1.00000000,0.99513137,0.99513137
20,70,436,1.00000000,0.99513137,0.99513137
20,70,438,1.00000000,0.99513137,0.99513137
20,70,440,1.00000000,0.99513137,0.99513137
20,70,442,1.00000000,0.99513137,0.99513137
20,70,444,1.00000000,0.99513137,0.99513137
20,70,446,1.00000000,0.99513137,0.99513137
20,70,448,1.00000000,0.99513137,0.99513137
20,70,450,1.00000000,0.99513137,0.99513137
20,70,452,1.00000000,0.99513137,0.99513137
20,70,454,1.00000000,0.99513137,0.99513137
20,70,456,1.00000000,0.99513137,0.99513137
20,70,458,1.00000000,0.99513137,0.99513137
20,70,460,1.00000000,0.99513137,0.99513137
20,70,462,1.00000000,0.99513137,0.99513137
20,70,464,1.00000000,0.99513137,0.99513137
20,70,466,1.00000000,0.99513137,0.99513137
20,70,468,1.00000000,0.99513137,0.99513137
20,70,470,1.00000000,0.99513137,0.99513137
20,70,472,1.00000000,0.99513137,0.99513137
20,70,474,1.00000000,0.99513137,0.99513137
20,70,476,1.00000000,0.99513137,0.99513137
20,70,478,1.00000000,0.99513137,0.99513137
20,70,480,1.00000000,0.99513137,0.99513137
20,70,482,1.00000000,0.99513137,0.99513137
20,70,484,1.00000000,0.99513137,0.99513137
20,70,486,1.00000000,0.99513137,0.99513137
20,70,488,1.00000000,0.99513137,0.99513137
20,70,490,1.00000000,0.99513137,0.99513137
20,70,492,1.00000000,0.99513137,0.99513137
20,70,494,1.00000000,0.99513137,0.99513137
20,70,496,1.00000000,0.99513137,0.99513137
20,70,498,1.00000000,0.99513137,0.99513137
20,70,500,1.00000000,0.99513137,0.99513137
25,70,0,0.10000000,0.99900000,0.09990000
25,70,1,0.10633170,0.99438708,0.10573487
25,70,2,0.11338928,0.97754542,0.11084317
25,70,3,0.12021708,0.97697976,0.11744965
25,70,4,0.12740071,0.97780243,0.12457273
25,70,5,0.13502012,0.97865324,0.13213788
25,70,6,0.14310504,0.97947429,0.14016771
25,70,7,0.15168447,0.98026433,0.14869087
25,70,8,0.16078905,0.98102443,0.15773798
25,70,9,0.17045131,0.98175572,0.16734155
25,70,10,0.18070578,0.98245927,0.17753606
25,70,11,0.19158908,0.98313611,0.18835815
25,70,12,0.20314013,0.98378725,0.19984667
25,70,13,0.21540021,0.98441363,0.21204290
25,70,14,0.22841316,0.98501617,0.22499065
25,70,15,0.24222552,0.98559575,0.23873645
25,70,16,0.25688673,0.98615324,0.25332968
25,70,17,0.27244924,0.98668945,0.26882279
25,70,18,0.28896877,0.98720517,0.28527147
25,70,19,0.30650449,0.98770116,0.30273485
25,70,20,0.32511922,0.98817817,0.32127572
25,70,21,0.34487966,0.98863690,0.34096076
25,70,22,0.36585664,0.98907804,0.36186077
25,70,23,0.38812538,0.98950224,0.38405093
25,70,24,0.41176574,0.98991014,0.40761108
25,70,25,0.43686254,0.99030236,0.43262601
25,70,26,0.46350584,0.99067948,0.45918573
25,70,27,0.49179127,0.99104208,0.48738584
25,70,28,0.52182038,0.99139070,0.51732787
25,70,29,0.55370100,0.99172588,0.54911961
25,70,30,0.58754764,0.99204812,0.58287553
25,70,31,0.62348189,0.99235791,0.61871719
25,70,32,0.66163284,0.99265572,0.65677362
25,70,33,0.70213753,0.99294202,0.69718186
25,70,34,0.74514141,0.99321724,0.74008730
25,70,35,0.79079869,0.99348181,0.78564411
25,70,36,0.83927222,0.99373614,0.83401514
25,70,37,0.89073026,0.99398068,0.88536867
25,70,38,0.94528598,0.99421656,0.93981898
25,70,39,1.00000000,0.99451475,0.99451475
25,70,40,1.00000000,0.99451475,0.99451475
25,70,41,1.00000000,0.99512564,0.99512564
25,70,42,1.00000000,0.99513132,0.99513132
25,70,43,1.00000000,0.99513137,0.99513137
25,70,44,1.00000000,0.99513137,0.99513137
25,70,45,1.00000000,0.99513137,0.99513137
25,70,46,1.00000000,0.99513137,0.99513137
25,70,47,1.00000000,0.99513137,0.99513137
25,70,48,1.00000000,0.99513137,0.99513137
25,70,49,1.00000000,0.99513137,0.99513137
25,70,50,1.00000000,0.99513137,0.99513137
25,70,51,1.00000000,0.99513137,0.99513137
25,70,52,1.00000000,0.99513137,0.99513137
25,70,53,1.00000000,0.99513137,0.99513137
25,70,54,1.00000000,0.99513137,0.99513137
25,70,55,1.00000000,0.99513137,0.99513137
25,70,56,1.00000000,0.99513137,0.99513137
25,70,57,1.00000000,0.99513137,0.99513137
25,70,58,1.00000000,0.99513137,0.99513137
25,70,59,1.00000000,0.99513137,0.99513137
25,70,60,1.00000000,0.99513137,0.99513137
25,70,61,1.00000000,0.99513137,0.99513137
25,70,62,1.00000000,0.99513137,0.99513137
25,70,63,1.00000000,0.99513137,0.99513137
25,70,64,1.00000000,0.99513137,0.99513137
25,70,65,1.00000000,0.99513137,0.99513137
25,70,66,1.00000000,0.99513137,0.99513137
25,70,67,1.00000000,0.99513137,0.99513137
25,70,68,1.00000000,0.99513137,0.99513137
25,70,69,1.00000000,0.99513137,0.99513137
25,70,70,1.00000000,0.99513137,0.99513137
25,70,71,1.00000000,0.99513137,0.99513137
25,70,72,1.00000000,0.99513137,0.99513137
25,70,73,1.00000000,0.99513137,0.99513137
25,70,74,1.00000000,0.99513137,0.99513137
25,70,75,1.00000000,0.99513137,0.99513137
25,70,76,1.00000000,0.99513137,0.99513137
25,70,77,1.00000000,0.99513137,0.99513137
25,70,78,1.00000000,0.99513137,0.99513137
25,70,79,1.00000000,0.99513137,0.99513137
25,70,80,1.00000000,0.99513137,0.99513137
25,70,81,1.00000000,0.99513137,0.99513137
25,70,82,1.00000000,0.99513137,0.99513137
25,70,83,1.00000000,0.99513137,0.99513137
25,70,84,1.00000000,0.99513137,0.99513137
25,70,85,1.00000000,0.99513137,0.99513137
25,70,86,1.00000000,0.99513137,0.99513137
25,70,87,1.00000000,0.99513137,0.99513137
25,70,88,1.00000000,0.99513137,0.99513137
25,70,89,1.00000000,0.99513137,0.99513137
25,70,90,1.00000000,0.99513137,0.99513137
25,70,91,1.00000000,0.99513137,0.99513137
25,70,92,1.00000000,0.99513137,0.99513137
25,70,93,1.00000000,0.99513137,0.99513137
25,70,94,1.00000000,0.99513137,0.99513137
25,70,95,1.00000000,0.99513137,0.99513137
25,70,96,1.00000000,0.99513137,0.99513137
25,70,97,1.00000000,0.99513137,0.99513137
25,70,98,1.00000000,0.99513137,0.99513137
25,70,99,1.00000000,0.99513137,0.99513137
25,70,100,1.00000000,0.99513137,0.99513137
25,70,101,1.00000000,0.99513137,0.99513137
25,70,102,1.00000000,0.99513137,0.99513137
25,70,103,1.00000000,0.99513137,0.99513137
25,70,104,1.00000000,0.99513137,0.99513137
25,70,105,1.00000000,0.99513137,0.99513137
25,70,106,1.00000000,0.99513137,0.99513137
25,70,107,1.00000000,0.99513137,0.99513137
25,70,108,1.00000000,0.99513137,0.99513137
25,70,109,1.00000000,0.99513137,0.99513137
25,70,110,1.00000000,0.99513137,0.99513137
25,70,111,1.00000000,0.99513137,0.99513137
25,70,112,1.00000000,0.99513137,0.99513137
25,70,113,1.00000000,0.99513137,0.99513137
25,70,114,1.00000000,0.99513137,0.99513137
25,70,115,1.00000000,0.99513137,0.99513137
25,70,116,1.00000000,0.99513137,0.99513137
25,70,117,1.00000000,0.99513137,0.99513137
25,70,118,1.00000000,0.99513137,0.99513137
25,70,119,1.00000000,0.99513137,0.99513137
25,70,120,1.00000000,0.99513137,0.99513137
25,70,121,1.00000000,0.99513137,0.99513137
25,70,122,1.00000000,0.99513137,0.99513137
25,70,123,1.00000000,0.99513137,0.99513137
25,70,124,1.00000000,0.99513137,0.99513137
25,70,125,1.00000000,0.99513137,0.99513137
25,70,126,1.00000000,0.99513137,0.99513137
25,70,127,1.00000000,0.99513137,0.99513137
25,70,128,1.00000000,0.99513137,0.99513137
25,70,129,1.00000000,0.99513137,0.99513137
25,70,130,1.00000000,0.99513137,0.99513137
25,70,131,1.00000000,0.99513137,0.99513137
25,70,132,1.00000000,0.99513137,0.99513137
25,70,133,1.00000000,0.99513137,0.99513137
25,70,134,1.00000000,0.99513137,0.99513137
25,70,135,1.00000000,0.99513137,0.99513137
25,70,136,1.00000000,0.99513137,0.99513137
25,70,137,1.00000000,0.99513137,0.99513137
25,70,138,1.00000000,0.99513137,0.99513137
25,70,139,1.00000000,0.99513137,0.99513137
25,70,140,1.00000000,0.99513137,0.99513137
25,70,141,1.00000000,0.99513137,0.99513137
25,70,142,1.00000000,0.99513137,0.99513137
25,70,143,1.00000000,0.99513137,0.99513137
25,70,144,1.00000000,0.99513137,0.99513137
25,70,145,1.00000000,0.99513137,0.99513137
25,70,146,1.00000000,0.99513137,0.99513137
25,70,147,1.00000000,0.99513137,0.99513137
25,70,148,1.00000000,0.99513137,0.99513137
25,70,149,1.00000000,0.99513137,0.99513137
25,70,150,1.00000000,0.99513137,0.99513137
25,70,151,1.00000000,0.99513137,0.99513137
25,70,152,1.00000000,0.99513137,0.99513137
25,70,153,1.00000000,0.99513137,0.99513137
25,70,154,1.00000000,0.99513137,0.99513137
25,70,155,1.00000000,0.99513137,0.99513137
25,70,156,1.00000000,0.99513137,0.99513137
25,70,157,1.00000000,0.99513137,0.99513137
25,70,158,1.00000000,0.99513137,0.99513137
25,70,159,1.00000000,0.99513137,0.99513137
25,70,160,1.00000000,0.99513137,0.99513137
25,70,161,1.00000000,0.99513137,0.99513137
25,70,162,1.00000000,0.99513137,0.99513137
25,70,163,1.00000000,0.99513137,0.99513137
25,70,164,1.00000000,0.99513137,0.99513137
25,70,165,1.00000000,0.99513137,0.99513137
25,70,166,1.00000000,0.99513137,0.99513137
25,70,167,1.00000000,0.99513137,0.99513137
25,70,168,1.00000000,0.99513137,0.99513137
25,70,169,1.00000000,0.99513137,0.99513137
25,70,170,1.00000000,0.99513137,0.99513137
25,70,171,1.00000000,0.99513137,0.99513137
25,70,172,1.00000000,0.99513137,0.99513137
25,70,173,1.00000000,0.99513137,0.99513137
25,70,174,1.00000000,0.99513137,0.99513137
25,70,175,1.00000000,0.99513137,0.99513137
25,70,176,1.00000000,0.99513137,0.99513137
25,70,177,1.00000000,0.99513137,0.99513137
25,70,178,1.00000000,0.99513137,0.99513137
25,70,179,1.00000000,0.99513137,0.99513137
25,70,180,1.00000000,0.99513137,0.99513137
25,70,181,1.00000000,0.99513137,0.99513137
25,70,182,1.00000000,0.99513137,0.99513137
25,70,183,1.00000000,0.99513137,0.99513137
25,70,184,1.00000000,0.99513137,0.99513137
25,70,185,1.00000000,0.99513137,0.99513137
25,70,186,1.00000000,0.99513137,0.99513137
25,70,187,1.00000000,0.99513137,0.99513137
25,70,188,1.00000000,0.99513137,0.99513137
25,70,189,1.00000000,0.99513137,0.99513137
25,70,190,1.00000000,0.99513137,0.99513137
25,70,191,1.00000000,0.99513137,0.99513137
25,70,192,1.00000000,0.99513137,0.99513137
25,70,193,1.00000000,0.99513137,0.99513137
25,70,194,1.00000000,0.99513137,0.99513137
25,70,195,1.00000000,0.99513137,0.99513137
25,70,196,1.00000000,0.99513137,0.99513137
25,70,197,1.00000000,0.99513137,0.99513137
25,70,198,1.00000000,0.99513137,0.99513137
25,70,199,1.00000000,0.99513137,0.99513137
25,70,200,1.00000000,0.99513137,0.99513137
25,70,201,1.00000000,0.99513137,0.99513137
25,70,202,1.00000000,0.99513137,0.99513137
25,70,203,1.00000000,0.99513137,0.99513137
25,70,204,1.00000000,0.99513137,0.99513137
25,70,205,1.00000000,0.99513137,0.99513137
25,70,206,1.00000000,0.99513137,0.99513137
25,70,207,1.00000000,0.99513137,0.99513137
25,70,208,1.00000000,0.99513137,0.99513137
25,70,209,1.00000000,0.99513137,0.99513137
25,70,210,1.00000000,0.99513137,0.99513137
25,70,211,1.00000000,0.99513137,0.99513137
25,70,212,1.00000000,0.99513137,0.99513137
25,70,213,1.00000000,0.99513137,0.99513137
25,70,214,1.00000000,0.99513137,0.99513137
25,70,215,1.00000000,0.99513137,0.99513137
25,70,216,1.00000000,0.99513137,0.99513137
25,70,217,1.00000000,0.99513137,0.99513137
25,70,218,1.00000000,0.99513137,0.99513137
25,70,219,1.00000000,0.99513137,0.99513137
25,70,220,1.00000000,0.99513137,0.99513137
25,70,221,1.00000000,0.99513137,0.99513137
25,70,222,1.00000000,0.99513137,0.99513137
25,70,223,1.00000000,0.99513137,0.99513137
25,70,224,1.00000000,0.99513137,0.99513137
25,70,225,1.00000000,0.99513137,0.99513137
25,70,226,1.00000000,0.99513137,0.99513137
25,70,227,1.00000000,0.99513137,0.99513137
25,70,228,1.00000000,0.99513137,0.99513137
25,70,229,1.00000000,0.99513137,0.99513137
25,70,230,1.00000000,0.99513137,0.99513137
25,70,231,1.00000000,0.99513137,0.99513137
25,70,232,1.00000000,0.99513137,0.99513137
25,70,233,1.00000000,0.99513137,0.99513137
25,70,234,1.00000000,0.99513137,0.99513137
25,70,235,1.00000000,0.99513137,0.99513137
25,70,236,1.00000000,0.99513137,0.99513137
25,70,237,1.00000000,0.99513137,0.99513137
25,70,238,1.00000000,0.99513137,0.99513137
25,70,239,1.00000000,0.99513137,0.99513137
25,70,240,1.00000000,0.99513137,0.99513137
25,70,241,1.00000000,0.99513137,0.99513137
25,70,242,1.00000000,0.99513137,0.99513137
25,70,243,1.00000000,0.99513137,0.99513137
25,70,244,1.00000000,0.99513137,0.99513137
25,70,245,1.00000000,0.99513137,0.99513137
25,70,246,1.00000000,0.99513137,0.99513137
25,70,247,1.00000000,0.99513137,0.99513137
25,70,248,1.00000000,0.99513137,0.99513137
25,70,249,1.00000000,0.99513137,0.99513137
25,70,250,1.00000000,0.99513137,0.99513137
25,70,251,1.00000000,0.99513137,0.99513137
25,70,252,1.00000000,0.99513137,0.99513137
25,70,253,1.00000000,0.99513137,0.99513137
25,70,254,1.00000000,0.99513137,0.99513137
25,70,255,1.00000000,0.99513137,0.99513137
25,70,256,1.00000000,0.99513137,0.99513137
25,70,257,1.00000000,0.99513137,0.99513137
25,70,258,1.00000000,0.99513137,0.99513137
25,70,259,1.00000000,0.99513137,0.99513137
25,70,260,1.00000000,0.99513137,0.99513137
25,70,261,1.00000000,0.99513137,0.99513137
25,70,262,1.00000000,0.99513137,0.99513137
25,70,263,1.00000000,0.99513137,0.99513137
25,70,264,1.00000000,0.99513137,0.99513137
25,70,265,1.00000000,0.99513137,0.99513137
25,70,266,1.00000000,0.99513137,0.99513137
25,70,267,1.00000000,0.99513137,0.99513137
25,70,268,1.00000000,0.99513137,0.99513137
25,70,269,1.00000000,0.99513137,0.99513137
25,70,270,1.00000000,0.99513137,0.99513137
25,70,271,1.00000000,0.99513137,0.99513137
25,70,272,1.00000000,0.99513137,0.99513137
25,70,273,1.00000000,0.99513137,0.99513137
25,70,274,1.00000000,0.99513137,0.99513137
25,70,275,1.00000000,0.99513137,0.99513137
25,70,276,1.00000000,0.99513137,0.99513137
25,70,277,1.00000000,0.99513137,0.99513137
25,70,278,1.00000000,0.99513137,0.99513137
25,70,279,1.00000000,0.99513137,0.99513137
25,70,280,1.00000000,0.99513137,0.99513137
25,70,281,1.00000000,0.99513137,0.99513137
25,70,282,1.00000000,0.99513137,0.99513137
25,70,283,1.00000000,0.99513137,0.99513137
25,70,284,1.00000000,0.99513137,0.99513137
25,70,285,1.00000000,0.99513137,0.99513137
25,70,286,1.00000000,0.99513137,0.99513137
25,70,287,1.00000000,0.99513137,0.99513137
25,70,288,1.00000000,0.99513137,0.99513137
25,70,289,1.00000000,0.99513137,0.99513137
25,70,290,1.00000000,0.99513137,0.99513137
25,70,291,1.00000000,0.99513137,0.99513137
25,70,292,1.00000000,0.99513137,0.99513137
25,70,293,1.00000000,0.99513137,0.99513137
25,70,294,1.00000000,0.99513137,0.99513137
25,70,295,1.00000000,0.99513137,0.99513137
25,70,296,1.00000000,0.99513137,0.99513137
25,70,297,1.00000000,0.99513137,0.99513137
25,70,298,1.00000000,0.99513137,0.99513137
25,70,299,1.00000000,0.99513137,0.99513137
25,70,300,1.00000000,0.99513137,0.99513137
35,110,0,0.10000000,0.99900000,0.09990000
35,110,1,0.11020663,0.99439524,0.10958895
35,110,2,0.12162456,0.98082451,0.11929235
35,110,3,0.13353803,0.98154208,0.13107320
35,110,4,0.14661695,0.98265732,0.14407422
35,110,5,0.16100134,0.98371547,0.15837951
35,110,6,0.17682339,0.98471017,0.17411979
35,110,7,0.19422797,0.98564497,0.19143982
35,110,8,0.21337451,0.98652340,0.21049895
35,110,9,0.23443846,0.98734877,0.23147253
35,110,10,0.25761294,0.98812423,0.25455359
35,110,11,0.28311052,0.98885271,0.27995461
35,110,12,0.31116518,0.98953701,0.30790946
35,110,13,0.34203449,0.99017974,0.33867562
35,110,14,0.37600197,0.99078339,0.37253651
35,110,15,0.41337975,0.99135027,0.40980413
35,110,16,0.45451141,0.99188260,0.45082196
35,110,17,0.49977519,0.99238243,0.49596812
35,110,18,0.54958746,0.99285173,0.54565886
35,110,19,0.60440657,0.99329232,0.60035240
35,110,20,0.66473705,0.99370594,0.66055315
35,110,21,0.73113416,0.99409423,0.72681625
35,110,22,0.80420850,0.99445870,0.79975214
35,110,23,0.88462622,0.99480084,0.88002691
35,110,24,0.97242479,0.99512537,0.96768458
35,110,25,1.00000000,0.99555615,0.99555615
35,110,26,1.00000000,0.99555615,0.99555615
35,110,27,1.00000000,0.99581290,0.99581290
35,110,28,1.00000000,0.99581420,0.99581420
35,110,29,1.00000000,0.99581421,0.99581421
35,110,30,1.00000000,0.99581421,0.99581421
35,110,31,1.00000000,0.99581421,0.99581421
35,110,32,1.00000000,0.99581421,0.99581421
35,110,33,1.00000000,0.99581421,0.99581421
35,110,34,1.00000000,0.99581421,0.99581421
35,110,35,1.00000000,0.99581421,0.99581421
35,110,36,1.00000000,0.99581421,0.99581421
35,110,37,1.00000000,0.99581421,0.99581421
35,110,38,1.00000000,0.99581421,0.99581421
35,110,39,1.00000000,0.99581421,0.99581421
35,110,40,1.00000000,0.99581421,0.99581421
35,110,41,1.00000000,0.99581421,0.99581421
35,110,42,1.00000000,0.99581421,0.99581421
35,110,43,1.00000000,0.99581421,0.99581421
35,110,44,1.00000000,0.99581421,0.99581421
35,110,45,1.00000000,0.99581421,0.99581421
35,110,46,1.00000000,0.99581421,0.99581421
35,110,47,1.00000000,0.99581421,0.99581421
35,110,48,1.00000000,0.99581421,0.99581421
35,110,49,1.00000000,0.99581421,0.99581421
35,110,50,1.00000000,0.99581421,0.99581421
35,110,51,1.00000000,0.99581421,0.99581421
35,110,52,1.00000000,0.99581421,0.99581421
35,110,53,1.00000000,0.99581421,0.99581421
35,110,54,1.00000000,0.99581421,0.99581421
35,110,55,1.00000000,0.99581421,0.99581421
35,110,56,1.00000000,0.99581421,0.99581421
35,110,57,1.00000000,0.99581421,0.99581421
35,110,58,1.00000000,0.99581421,0.99581421
35,110,59,1.00000000,0.99581421,0.99581421
35,110,60,1.00000000,0.99581421,0.99581421
35,110,61,1.00000000,0.99581421,0.99581421
35,110,62,1.00000000,0.99581421,0.99581421
35,110,63,1.00000000,0.99581421,0.99581421
35,110,64,1.00000000,0.99581421,0.99581421
35,110,65,1.00000000,0.99581421,0.99581421
35,110,66,1.00000000,0.99581421,0.99581421
35,110,67,1.00000000,0.99581421,0.99581421
35,110,68,1.00000000,0.99581421,0.99581421
35,110,69,1.00000000,0.99581421,0.99581421
35,110,70,1.00000000,0.99581421,0.99581421
35,110,71,1.00000000,0.99581421,0.99581421
35,110,72,1.00000000,0.99581421,0.99581421
35,110,73,1.00000000,0.99581421,0.99581421
35,110,74,1.00000000,0.99581421,0.99581421
35,110,75,1.00000000,0.99581421,0.99581421
35,110,76,1.00000000,0.99581421,0.99581421
35,110,77,1.00000000,0.99581421,0.99581421
35,110,78,1.00000000,0.99581421,0.99581421
35,110,79,1.00000000,0.99581421,0.99581421
35,110,80,1.00000000,0.99581421,0.99581421
35,110,81,1.00000000,0.99581421,0.99581421
35,110,82,1.00000000,0.99581421,0.99581421
35,110,83,1.00000000,0.99581421,0.99581421
35,110,84,1.00000000,0.99581421,0.99581421
35,110,85,1.00000000,0.99581421,0.99581421
35,110,86,1.00000000,0.99581421,0.99581421
35,110,87,1.00000000,0.99581421,0.99581421
35,110,88,1.00000000,0.99581421,0.99581421
35,110,89,1.00000000,0.99581421,0.99581421
35,110,90,1.00000000,0.99581421,0.99581421
35,110,91,1.00000000,0.99581421,0.99581421
35,110,92,1.00000000,0.99581421,0.99581421
35,110,93,1.00000000,0.99581421,0.99581421
35,110,94,1.00000000,0.99581421,0.99581421
35,110,95,1.00000000,0.99581421,0.99581421
35,110,96,1.00000000,0.99581421,0.99581421
35,110,97,1.00000000,0.99581421,0.99581421
35,110,98,1.00000000,0.99581421,0.99581421
35,110,99,1.00000000,0.99581421,0.99581421
35,110,100,1.00000000,0.99581421,0.99581421
35,110,101,1.00000000,0.99581421,0.99581421
35,110,102,1.00000000,0.99581421,0.99581421
35,110,103,1.00000000,0.99581421,0.99581421
35,110,104,1.00000000,0.99581421,0.99581421
35,110,105,1.00000000,0.99581421,0.99581421
35,110,106,1.00000000,0.99581421,0.99581421
35,110,107,1.00000000,0.99581421,0.99581421
35,110,108,1.00000000,0.99581421,0.99581421
35,110,109,1.00000000,0.99581421,0.99581421
35,110,110,1.00000000,0.99581421,0.99581421
35,110,111,1.00000000,0.99581421,0.99581421
35,110,112,1.00000000,0.99581421,0.99581421
35,110,113,1.00000000,0.99581421,0.99581421
35,110,114,1.00000000,0.99581421,0.99581421
35,110,115,1.00000000,0.99581421,0.99581421
35,110,116,1.00000000,0.99581421,0.99581421
35,110,117,1.00000000,0.99581421,0.99581421
35,110,118,1.00000000,0.99581421,0.99581421
35,110,119,1.00000000,0.99581421,0.99581421
35,110,120,1.00000000,0.99581421,0.99581421
35,110,121,1.00000000,0.99581421,0.99581421
35,110,122,1.00000000,0.99581421,0.99581421
35,110,123,1.00000000,0.99581421,0.99581421
35,110,124,1.00000000,0.99581421,0.99581421
35,110,125,1.00000000,0.99581421,0.99581421
35,110,126,1.00000000,0.99581421,0.99581421
35,110,127,1.00000000,0.99581421,0.99581421
35,110,128,1.00000000,0.99581421,0.99581421
35,110,129,1.00000000,0.99581421,0.99581421
35,110,130,1.00000000,0.99581421,0.99581421
35,110,131,1.00000000,0.99581421,0.99581421
35,110,132,1.00000000,0.99581421,0.99581421
35,110,133,1.00000000,0.99581421,0.99581421
35,110,134,1.00000000,0.99581421,0.99581421
35,110,135,1.00000000,0.99581421,0.99581421
35,110,136,1.00000000,0.99581421,0.99581421
35,110,137,1.00000000,0.99581421,0.99581421
35,110,138,1.00000000,0.99581421,0.99581421
35,110,139,1.00000000,0.99581421,0.99581421
35,110,140,1.00000000,0.99581421,0.99581421
35,110,141,1.00000000,0.99581421,0.99581421
35,110,142,1.00000000,0.99581421,0.99581421
35,110,143,1.00000000,0.99581421,0.99581421
35,110,144,1.00000000,0.99581421,0.99581421
35,110,145,1.00000000,0.99581421,0.99581421
35,110,146,1.00000000,0.99581421,0.99581421
35,110,147,1.00000000,0.99581421,0.99581421
35,110,148,1.00000000,0.99581421,0.99581421
35,110,149,1.00000000,0.99581421,0.99581421
35,110,150,1.00000000,0.99581421,0.99581421
35,110,151,1.00000000,0.99581421,0.99581421
35,110,152,1.00000000,0.99581421,0.99581421
35,110,153,1.00000000,0.99581421,0.99581421
35,110,154,1.00000000,0.99581421,0.99581421
35,110,155,1.00000000,0.99581421,0.99581421
35,110,156,1.00000000,0.99581421,0.99581421
35,110,157,1.00000000,0.99581421,0.99581421
35,110,158,1.00000000,0.99581421,0.99581421
35,110,159,1.00000000,0.99581421,0.99581421
35,110,160,1.00000000,0.99581421,0.99581421
35,110,161,1.00000000,0.99581421,0.99581421
35,110,162,1.00000000,0.99581421,0.99581421
35,110,163,1.00000000,0.99581421,0.99581421
35,110,164,1.00000000,0.99581421,0.99581421
35,110,165,1.00000000,0.99581421,0.99581421
35,110,166,1.00000000,0.99581421,0.99581421
35,110,167,1.00000000,0.99581421,0.99581421
35,110,168,1.00000000,0.99581421,0.99581421
35,110,169,1.00000000,0.99581421,0.99581421
35,110,170,1.00000000,0.99581421,0.99581421
35,110,171,1.00000000,0.99581421,0.99581421
35,110,172,1.00000000,0.99581421,0.99581421
35,110,173,1.00000000,0.99581421,0.99581421
35,110,174,1.00000000,0.99581421,0.99581421
35,110,175,1.00000000,0.99581421,0.99581421
35,110,176,1.00000000,0.99581421,0.99581421
35,110,177,1.00000000,0.99581421,0.99581421
35,110,178,1.00000000,0.99581421,0.99581421
35,110,179,1.00000000,0.99581421,0.99581421
35,110,180,1.00000000,0.99581421,0.99581421
35,110,181,1.00000000,0.99581421,0.99581421
35,110,182,1.00000000,0.99581421,0.99581421
35,110,183,1.00000000,0.99581421,0.99581421
35,110,184,1.00000000,0.99581421,0.99581421
35,110,185,1.00000000,0.99581421,0.99581421
35,110,186,1.00000000,0.99581421,0.99581421
35,110,187,1.00000000,0.99581421,0.99581421
35,110,188,1.00000000,0.99581421,0.99581421
35,110,189,1.00000000,0.99581421,0.99581421
35,110,190,1.00000000,0.99581421,0.99581421
35,110,191,1.00000000,0.99581421,0.99581421
35,110,192,1.00000000,0.99581421,0.99581421
35,110,193,1.00000000,0.99581421,0.99581421
35,110,194,1.00000000,0.99581421,0.99581421
35,110,195,1.00000000,0.99581421,0.99581421
35,110,196,1.00000000,0.99581421,0.99581421
35,110,197,1.00000000,0.99581421,0.99581421
35,110,198,1.00000000,0.99581421,0.99581421
35,110,199,1.00000000,0.99581421,0.99581421
35,110,200,1.00000000,0.99581421,0.99581421
37,110,0,0.10000000,0.99900000,0.09990000
37,110,1,0.11020663,0.99439524,0.10958895
37,110,2,0.12162456,0.98082451,0.11929235
37,110,3,0.13353803,0.98154208,0.13107320
37,110,4,0.14661695,0.98265732,0.14407422
37,110,5,0.16100134,0.98371547,0.15837951
37,110,6,0.17682339,0.98471017,0.17411979
37,110,7,0.19422797,0.98564497,0.19143982
37,110,8,0.21337451,0.98652340,0.21049895
37,110,9,0.23443846,0.98734877,0.23147253
37,110,10,0.25761294,0.98812423,0.25455359
37,110,11,0.28311052,0.98885271,0.27995461
37,110,12,0.31116518,0.98953701,0.30790946
37,110,13,0.34203449,0.99017974,0.33867562
37,110,14,0.37600197,0.99078339,0.37253651
37,110,15,0.41337975,0.99135027,0.40980413
37,110,16,0.45451141,0.99188260,0.45082196
37,110,17,0.49977519,0.99238243,0.49596812
37,110,18,0.54958746,0.99285173,0.54565886
37,110,19,0.60440657,0.99329232,0.60035240
37,110,20,0.66473705,0.99370594,0.66055315
37,110,21,0.73113416,0.99409423,0.72681625
37,110,22,0.80420850,0.99445870,0.79975214
37,110,23,0.88462622,0.99480084,0.88002691
37,110,24,0.97242479,0.99512537,0.96768458
37,110,25,1.00000000,0.99555615,0.99555615
37,110,26,1.00000000,0.99555615,0.99555615
37,110,27,1.00000000,0.99581290,0.99581290
37,110,28,1.00000000,0.99581420,0.99581420
37,110,29,1.00000000,0.99581421,0.99581421
37,110,30,1.00000000,0.99581421,0.99581421
37,110,31,1.00000000,0.99581421,0.99581421
37,110,32,1.00000000,0.99581421,0.99581421
37,110,33,1.00000000,0.99581421,0.99581421
37,110,34,1.00000000,0.99581421,0.99581421
37,110,35,1.00000000,0.99581421,0.99581421
37,110,36,1.00000000,0.99581421,0.99581421
37,110,37,1.00000000,0.99581421,0.99581421
37,110,38,1.00000000,0.99581421,0.99581421
37,110,39,1.00000000,0.99581421,0.99581421
37,110,40,1.00000000,0.99581421,0.99581421
37,110,41,1.00000000,0.99581421,0.99581421
37,110,42,1.00000000,0.99581421,0.99581421
37,110,43,1.00000000,0.99581421,0.99581421
37,110,44,1.00000000,0.99581421,0.99581421
37,110,45,1.00000000,0.99581421,0.99581421
37,110,46,1.00000000,0.99581421,0.99581421
37,110,47,1.00000000,0.99581421,0.99581421
37,110,48,1.00000000,0.99581421,0.99581421
37,110,49,1.00000000,0.99581421,0.99581421
37,110,50,1.00000000,0.99581421,0.99581421
37,110,51,1.00000000,0.99581421,0.99581421
37,110,52,1.00000000,0.99581421,0.99581421
37,110,53,1.00000000,0.99581421,0.99581421
37,110,54,1.00000000,0.99581421,0.99581421
37,110,55,1.00000000,0.99581421,0.99581421
37,110,56,1.00000000,0.99581421,0.99581421
37,110,57,1.00000000,0.99581421,0.99581421
37,110,58,1.00000000,0.99581421,0.99581421
37,110,59,1.00000000,0.99581421,0.99581421
37,110,60,1.00000000,0.99581421,0.99581421
37,110,61,1.00000000,0.99581421,0.99581421
37,110,62,1.00000000,0.99581421,0.99581421
37,110,63,1.00000000,0.99581421,0.99581421
37,110,64,1.00000000,0.99581421,0.99581421
37,110,65,1.00000000,0.99581421,0.99581421
37,110,66,1.00000000,0.99581421,0.99581421
37,110,67,1.00000000,0.99581421,0.99581421
37,110,68,1.00000000,0.99581421,0.99581421
37,110,69,1.00000000,0.99581421,0.99581421
37,110,70,1.00000000,0.99581421,0.99581421
37,110,71,1.00000000,0.99581421,0.99581421
37,110,72,1.00000000,0.99581421,0.99581421
37,110,73,1.00000000,0.99581421,0.99581421
37,110,74,1.00000000,0.99581421,0.99581421
37,110,75,1.00000000,0.99581421,0.99581421
37,110,76,1.00000000,0.99581421,0.99581421
37,110,77,1.00000000,0.99581421,0.99581421
37,110,78,1.00000000,0.99581421,0.99581421
37,110,79,1.00000000,0.99581421,0.99581421
37,110,80,1.00000000,0.99581421,0.99581421
37,110,81,1.00000000,0.99581421,0.99581421
37,110,82,1.00000000,0.99581421,0.99581421
37,110,83,1.00000000,0.99581421,0.99581421
37,110,84,1.00000000,0.99581421,0.99581421
37,110,85,1.00000000,0.99581421,0.99581421
37,110,86,1.00000000,0.99581421,0.99581421
37,110,87,1.00000000,0.99581421,0.99581421
37,110,88,1.00000000,0.99581421,0.99581421
37,110,89,1.00000000,0.99581421,0.99581421
37,110,90,1.00000000,0.99581421,0.99581421
37,110,91,1.00000000,0.99581421,0.99581421
37,110,92,1.00000000,0.99581421,0.99581421
37,110,93,1.00000000,0.99581421,0.99581421
37,110,94,1.00000000,0.99581421,0.99581421
37,110,95,1.00000000,0.99581421,0.99581421
37,110,96,1.00000000,0.99581421,0.99581421
37,110,97,1.00000000,0.99581421,0.99581421
37,110,98,1.00000000,0.99581421,0.99581421
37,110,99,1.00000000,0.99581421,0.99581421
37,110,100,1.00000000,0.99581421,0.99581421
37,110,101,1.00000000,0.99581421,0.99581421
37,110,102,1.00000000,0.99581421,0.99581421
37,110,103,1.00000000,0.99581421,0.99581421
37,110,104,1.00000000,0.99581421,0.99581421
37,110,105,1.00000000,0.99581421,0.99581421
37,110,106,1.00000000,0.99581421,0.99581421
37,110,107,1.00000000,0.99581421,0.99581421
37,110,108,1.00000000,0.99581421,0.99581421
37,110,109,1.00000000,0.99581421,0.99581421
37,110,110,1.00000000,0.99581421,0.99581421
37,110,111,1.00000000,0.99581421,0.99581421
37,110,112,1.00000000,0.99581421,0.99581421
37,110,113,1.00000000,0.99581421,0.99581421
37,110,114,1.00000000,0.99581421,0.99581421
37,110,115,1.00000000,0.99581421,0.99581421
37,110,116,1.00000000,0.99581421,0.99581421
37,110,117,1.00000000,0.99581421,0.99581421
37,110,118,1.00000000,0.99581421,0.99581421
37,110,119,1.00000000,0.99581421,0.99581421
37,110,120,1.00000000,0.99581421,0.99581421
37,110,121,1.00000000,0.99581421,0.99581421
37,110,122,1.00000000,0.99581421,0.99581421
37,110,123,1.00000000,0.99581421,0.99581421
37,110,124,1.00000000,0.99581421,0.99581421
37,110,125,1.00000000,0.99581421,0.99581421
37,110,126,1.00000000,0.99581421,0.99581421
37,110,127,1.00000000,0.99581421,0.99581421
37,110,128,1.00000000,0.99581421,0.99581421
37,110,129,1.00000000,0.99581421,0.99581421
37,110,130,1.00000000,0.99581421,0.99581421
37,110,131,1.00000000,0.99581421,0.99581421
37,110,132,1.00000000,0.99581421,0.99581421
37,110,133,1.00000000,0.99581421,0.99581421
37,110,134,1.00000000,0.99581421,0.99581421
37,110,135,1.00000000,0.99581421,0.99581421
37,110,136,1.00000000,0.99581421,0.99581421
37,110,137,1.00000000,0.99581421,0.99581421
37,110,138,1.00000000,0.99581421,0.99581421
37,110,139,1.00000000,0.99581421,0.99581421
37,110,140,1.00000000,0.99581421,0.99581421
37,110,141,1.00000000,0.99581421,0.99581421
37,110,142,1.00000000,0.99581421,0.99581421
37,110,143,1.00000000,0.99581421,0.99581421
37,110,144,1.00000000,0.99581421,0.99581421
37,110,145,1.00000000,0.99581421,0.99581421
37,110,146,1.00000000,0.99581421,0.99581421
37,110,147,1.00000000,0.99581421,0.99581421
37,110,148,1.00000000,0.99581421,0.99581421
37,110,149,1.00000000,0.99581421,0.99581421
37,110,150,1.00000000,0.99581421,0.99581421
37,110,151,1.00000000,0.99581421,0.99581421
37,110,152,1.00000000,0.99581421,0.99581421
37,110,153,1.00000000,0.99581421,0.99581421
37,110,154,1.00000000,0.99581421,0.99581421
37,110,155,1.00000000,0.99581421,0.99581421
37,110,156,1.00000000,0.99581421,0.99581421
37,110,157,1.00000000,0.99581421,0.99581421
37,110,158,1.00000000,0.99581421,0.99581421
37,110,159,1.00000000,0.99581421,0.99581421
37,110,160,1.00000000,0.99581421,0.99581421
37,110,161,1.00000000,0.99581421,0.99581421
37,110,162,1.00000000,0.99581421,0.99581421
37,110,163,1.00000000,0.99581421,0.99581421
37,110,164,1.00000000,0.99581421,0.99581421
37,110,165,1.00000000,0.99581421,0.99581421
37,110,166,1.00000000,0.99581421,0.99581421
37,110,167,1.00000000,0.99581421,0.99581421
37,110,168,1.00000000,0.99581421,0.99581421
37,110,169,1.00000000,0.99581421,0.99581421
37,110,170,1.00000000,0.99581421,0.99581421
37,110,171,1.00000000,0.99581421,0.99581421
37,110,172,1.00000000,0.99581421,0.99581421
37,110,173,1.00000000,0.99581421,0.99581421
37,110,174,1.00000000,0.99581421,0.99581421
37,110,175,1.00000000,0.99581421,0.99581421
37,110,176,1.00000000,0.99581421,0.99581421
37,110,177,1.00000000,0.99581421,0.99581421
37,110,178,1.00000000,0.99581421,0.99581421
37,110,179,1.00000000,0.99581421,0.99581421
37,110,180,1.00000000,0.99581421,0.99581421
37,110,181,1.00000000,0.99581421,0.99581421
37,110,182,1.00000000,0.99581421,0.99581421
37,110,183,1.00000000,0.99581421,0.99581421
37,110,184,1.00000000,0.99581421,0.99581421
37,110,185,1.00000000,0.99581421,0.99581421
37,110,186,1.00000000,0.99581421,0.99581421
37,110,187,1.00000000,0.99581421,0.99581421
37,110,188,1.00000000,0.99581421,0.99581421
37,110,189,1.00000000,0.99581421,0.99581421
37,110,190,1.00000000,0.99581421,0.99581421
37,110,191,1.00000000,0.99581421,0.99581421
37,110,192,1.00000000,0.99581421,0.99581421
37,110,193,1.00000000,0.99581421,0.99581421
37,110,194,1.00000000,0.99581421,0.99581421
37,110,195,1.00000000,0.99581421,0.99581421
37,110,196,1.00000000,0.99581421,0.99581421
37,110,197,1.00000000,0.99581421,0.99581421
37,110,198,1.00000000,0.99581421,0.99581421
37,110,199,1.00000000,0.99581421,0.99581421
37,110,200,1.00000000,0.99581421,0.99581421
40,50,0,0.10000000,0.99900000,0.09990000
40,50,2,0.10960575,0.97555417,0.10692634
40,50,4,0.11906428,0.97397762,0.11596594
40,50,6,0.12922080,0.97536644,0.12603763
40,50,8,0.14026387,0.97669451,0.13699495
40,50,10,0.15227322,0.97795203,0.14891591
40,50,12,0.16533490,0.97914274,0.16188646
40,50,14,0.17954245,0.98027018,0.17600010
40,50,16,0.19499762,0.98133768,0.19135852
40,50,18,0.21181115,0.98234837,0.20807234
40,50,20,0.23010352,0.98330521,0.22626199
40,50,22,0.25000585,0.98421099,0.24605850
40,50,24,0.27166088,0.98506838,0.26760454
40,50,26,0.29522398,0.98587987,0.29105538
40,50,28,0.32086431,0.98664788,0.31658009
40,50,30,0.34876600,0.98737467,0.34436272
40,50,32,0.37912953,0.98806239,0.37460363
40,50,34,0.41217316,0.98871310,0.40752100
40,50,36,0.44813450,0.98932874,0.44335234
40,50,38,0.48727228,0.98991116,0.48235626
40,50,40,0.52986815,0.99046212,0.52481433
40,50,42,0.57622878,0.99098327,0.57103308
40,50,44,0.62668801,0.99147621,0.62134625
40,50,46,0.68160924,0.99194244,0.67611713
40,50,48,0.74138792,0.99238337,0.73574104
40,50,50,0.80645369,0.99280037,0.80064753
40,50,52,0.87726883,0.99319481,0.87129885
40,50,54,0.95418673,0.99357051,0.94805180
40,50,56,1.00000000,0.99443365,0.99443365
40,50,58,1.00000000,0.99454971,0.99454971
40,50,60,1.00000000,0.99455141,0.99455141
40,50,62,1.00000000,0.99455141,0.99455141
40,50,64,1.00000000,0.99455141,0.99455141
40,50,66,1.00000000,0.99455141,0.99455141
40,50,68,1.00000000,0.99455141,0.99455141
40,50,70,1.00000000,0.99455141,0.99455141
40,50,72,1.00000000,0.99455141,0.99455141
40,50,74,1.00000000,0.99455141,0.99455141
40,50,76,1.00000000,0.99455141,0.99455141
40,50,78,1.00000000,0.99455141,0.99455141
40,50,80,1.00000000,0.99455141,0.99455141
40,50,82,1.00000000,0.99455141,0.99455141
40,50,84,1.00000000,0.99455141,0.99455141
40,50,86,1.00000000,0.99455141,0.99455141
40,50,88,1.00000000,0.99455141,0.99455141
40,50,90,1.00000000,0.99455141,0.99455141
40,50,92,1.00000000,0.99455141,0.99455141
40,50,94,1.00000000,0.99455141,0.99455141
40,50,96,1.00000000,0.99455141,0.99455141
40,50,98,1.00000000,0.99455141,0.99455141
40,50,100,1.00000000,0.99455141,0.99455141
40,50,102,1.00000000,0.99455141,0.99455141
40,50,104,1.00000000,0.99455141,0.99455141
40,50,106,1.00000000,0.99455141,0.99455141
40,50,108,1.00000000,0.99455141,0.99455141
40,50,110,1.00000000,0.99455141,0.99455141
40,50,112,1.00000000,0.99455141,0.99455141
40,50,114,1.00000000,0.99455141,0.99455141
40,50,116,1.00000000,0.99455141,0.99455141
40,50,118,1.00000000,0.99455141,0.99455141
40,50,120,1.00000000,0.99455141,0.99455141
40,50,122,1.00000000,0.99455141,0.99455141
40,50,124,1.00000000,0.99455141,0.99455141
40,50,126,1.00000000,0.99455141,0.99455141
40,50,128,1.00000000,0.99455141,0.99455141
40,50,130,1.00000000,0.99455141,0.99455141
40,50,132,1.00000000,0.99455141,0.99455141
40,50,134,1.00000000,0.99455141,0.99455141
40,50,136,1.00000000,0.99455141,0.99455141
40,50,138,1.00000000,0.99455141,0.99455141
40,50,140,1.00000000,0.99455141,0.99455141
40,50,142,1.00000000,0.99455141,0.99455141
40,50,144,1.00000000,0.99455141,0.99455141
40,50,146,1.00000000,0.99455141,0.99455141
40,50,148,1.00000000,0.99455141,0.99455141
40,50,150,1.00000000,0.99455141,0.99455141
40,50,152,1.00000000,0.99455141,0.99455141
40,50,154,1.00000000,0.99455141,0.99455141
40,50,156,1.00000000,0.99455141,0.99455141
40,50,158,1.00000000,0.99455141,0.99455141
40,50,160,1.00000000,0.99455141,0.99455141
40,50,162,1.00000000,0.99455141,0.99455141
40,50,164,1.00000000,0.99455141,0.99455141
40,50,166,1.00000000,0.99455141,0.99455141
40,50,168,1.00000000,0.99455141,0.99455141
40,50,170,1.00000000,0.99455141,0.99455141
40,50,172,1.00000000,0.99455141,0.99455141
40,50,174,1.00000000,0.99455141,0.99455141
40,50,176,1.00000000,0.99455141,0.99455141
40,50,178,1.00000000,0.99455141,0.99455141
40,50,180,1.00000000,0.99455141,0.99455141
40,50,182,1.00000000,0.99455141,0.99455141
40,50,184,1.00000000,0.99455141,0.99455141
40,50,186,1.00000000,0.99455141,0.99455141
40,50,188,1.00000000,0.99455141,0.99455141
40,50,190,1.00000000,0.99455141,0.99455141
40,50,192,1.00000000,0.99455141,0.99455141
40,50,194,1.00000000,0.99455141,0.99455141
40,50,196,1.00000000,0.99455141,0.99455141
40,50,198,1.00000000,0.99455141,0.99455141
40,50,200,1.00000000,0.99455141,0.99455141
40,50,202,1.00000000,0.99455141,0.99455141
40,50,204,1.00000000,0.99455141,0.99455141
40,50,206,1.00000000,0.99455141,0.99455141
40,50,208,1.00000000,0.99455141,0.99455141
40,50,210,1.00000000,0.99455141,0.99455141
40,50,212,1.00000000,0.99455141,0.99455141
40,50,214,1.00000000,0.99455141,0.99455141
40,50,216,1.00000000,0.99455141,0.99455141
40,50,218,1.00000000,0.99455141,0.99455141
40,50,220,1.00000000,0.99455141,0.99455141
40,50,222,1.00000000,0.99455141,0.99455141
40,50,224,1.00000000,0.99455141,0.99455141
40,50,226,1.00000000,0.99455141,0.99455141
40,50,228,1.00000000,0.99455141,0.99455141
40,50,230,1.00000000,0.99455141,0.99455141
40,50,232,1.00000000,0.99455141,0.99455141
40,50,234,1.00000000,0.99455141,0.99455141
40,50,236,1.00000000,0.99455141,0.99455141
40,50,238,1.00000000,0.99455141,0.99455141
40,50,240,1.00000000,0.99455141,0.99455141
40,50,242,1.00000000,0.99455141,0.99455141
40,50,244,1.00000000,0.99455141,0.99455141
40,50,246,1.00000000,0.99455141,0.99455141
40,50,248,1.00000000,0.99455141,0.99455141
40,50,250,1.00000000,0.99455141,0.99455141
40,50,252,1.00000000,0.99455141,0.99455141
40,50,254,1.00000000,0.99455141,0.99455141
40,50,256,1.00000000,0.99455141,0.99455141
40,50,258,1.00000000,0.99455141,0.99455141
40,50,260,1.00000000,0.99455141,0.99455141
40,50,262,1.00000000,0.99455141,0.99455141
40,50,264,1.00000000,0.99455141,0.99455141
40,50,266,1.00000000,0.99455141,0.99455141
40,50,268,1.00000000,0.99455141,0.99455141
40,50,270,1.00000000,0.99455141,0.99455141
40,50,272,1.00000000,0.99455141,0.99455141
40,50,274,1.00000000,0.99455141,0.99455141
40,50,276,1.00000000,0.99455141,0.99455141
40,50,278,1.00000000,0.99455141,0.99455141
40,50,280,1.00000000,0.99455141,0.99455141
40,50,282,1.00000000,0.99455141,0.99455141
40,50,284,1.00000000,0.99455141,0.99455141
40,50,286,1.00000000,0.99455141,0.99455141
40,50,288,1.00000000,0.99455141,0.99455141
40,50,290,1.00000000,0.99455141,0.99455141
40,50,292,1.00000000,0.99455141,0.99455141
40,50,294,1.00000000,0.99455141,0.99455141
40,50,296,1.00000000,0.99455141,0.99455141
40,50,298,1.00000000,0.99455141,0.99455141
40,50,300,1.00000000,0.99455141,0.99455141
40,50,302,1.00000000,0.99455141,0.99455141
40,50,304,1.00000000,0.99455141,0.99455141
40,50,306,1.00000000,0.99455141,0.99455141
40,50,308,1.00000000,0.99455141,0.99455141
40,50,310,1.00000000,0.99455141,0.99455141
40,50,312,1.00000000,0.99455141,0.99455141
40,50,314,1.00000000,0.99455141,0.99455141
40,50,316,1.00000000,0.99455141,0.99455141
40,50,318,1.00000000,0.99455141,0.99455141
40,50,320,1.00000000,0.99455141,0.99455141
40,50,322,1.00000000,0.99455141,0.99455141
40,50,324,1.00000000,0.99455141,0.99455141
40,50,326,1.00000000,0.99455141,0.99455141
40,50,328,1.00000000,0.99455141,0.99455141
40,50,330,1.00000000,0.99455141,0.99455141
40,50,332,1.00000000,0.99455141,0.99455141
40,50,334,1.00000000,0.99455141,0.99455141
40,50,336,1.00000000,0.99455141,0.99455141
40,50,338,1.00000000,0.99455141,0.99455141
40,50,340,1.00000000,0.99455141,0.99455141
40,50,342,1.00000000,0.99455141,0.99455141
40,50,344,1.00000000,0.99455141,0.99455141
40,50,346,1.00000000,0.99455141,0.99455141
40,50,348,1.00000000,0.99455141,0.99455141
40,50,350,1.00000000,0.99455141,0.99455141
40,50,352,1.00000000,0.99455141,0.99455141
40,50,354,1.00000000,0.99455141,0.99455141
40,50,356,1.00000000,0.99455141,0.99455141
40,50,358,1.00000000,0.99455141,0.99455141
40,50,360,1.00000000,0.99455141,0.99455141
40,50,362,1.00000000,0.99455141,0.99455141
40,50,364,1.00000000,0.99455141,0.99455141
40,50,366,1.00000000,0.99455141,0.99455141
40,50,368,1.00000000,0.99455141,0.99455141
40,50,370,1.00000000,0.99455141,0.99455141
40,50,372,1.00000000,0.99455141,0.99455141
40,50,374,1.00000000,0.99455141,0.99455141
40,50,376,1.00000000,0.99455141,0.99455141
40,50,378,1.00000000,0.99455141,0.99455141
40,50,380,1.00000000,0.99455141,0.99455141
40,50,382,1.00000000,0.99455141,0.99455141
40,50,384,1.00000000,0.99455141,0.99455141
40,50,386,1.00000000,0.99455141,0.99455141
40,50,388,1.00000000,0.99455141,0.99455141
40,50,390,1.00000000,0.99455141,0.99455141
40,50,392,1.00000000,0.99455141,0.99455141
40,50,394,1.00000000,0.99455141,0.99455141
40,50,396,1.00000000,0.99455141,0.99455141
40,50,398,1.00000000,0.99455141,0.99455141
40,50,400,1.00000000,0.99455141,0.99455141
40,50,402,1.00000000,0.99455141,0.99455141
40,50,404,1.00000000,0.99455141,0.99455141
40,50,406,1.00000000,0.99455141,0.99455141
40,50,408,1.00000000,0.99455141,0.99455141
40,50,410,1.00000000,0.99455141,0.99455141
40,50,412,1.00000000,0.99455141,0.99455141
40,50,414,1.00000000,0.99455141,0.99455141
40,50,416,1.00000000,0.99455141,0.99455141
40,50,418,1.00000000,0.99455141,0.99455141
40,50,420,1.00000000,0.99455141,0.99455141
40,50,422,1.00000000,0.99455141,0.99455141
40,50,424,1.00000000,0.99455141,0.99455141
40,50,426,1.00000000,0.99455141,0.99455141
40,50,428,1.00000000,0.99455141,0.99455141
40,50,430,1.00000000,0.99455141,0.99455141
40,50,432,1.00000000,0.99455141,0.99455141
40,50,434,1.00000000,0.99455141,0.99455141
40,50,436,1.00000000,0.99455141,0.99455141
40,50,438,1.00000000,0.99455141,0.99455141
40,50,440,1.00000000,0.99455141,0.99455141
40,50,442,1.00000000,0.99455141,0.99455141
40,50,444,1.00000000,0.99455141,0.99455141
40,50,446,1.00000000,0.99455141,0.99455141
40,50,448,1.00000000,0.99455141,0.99455141
40,50,450,1.00000000,0.99455141,0.99455141
