run,seed,K_hill,n_mut,max_logL,rmse,pg_ratio,obs_pg_ratio,rmse_estimator,rmse_match,a33_map,a33_p05,a33_p50,a33_p95,a33_edge,a35_map,a35_p05,a35_p50,a35_p95,a35_edge,a45_map,a45_p05,a45_p50,a45_p95,a45_edge
CH_pilot_gateon_mut120_seed123,123,0.05,120,-3.181591403358777,0.07115790388393323,0.9989357518502726,0.9999999999999999,0.07115790388393323,True,0.19674530426000084,-0.9211402086222885,-0.16884457974269337,1.0871614139145107,0.093,-0.3158680331662497,-0.8808079576157855,0.03877935943013391,0.8887101406832705,0.082,-0.38620289913638434,-0.8286651333319044,0.4625964476977835,1.8183725683924477,0.079
CH_pilot_gateon_mut120_seed42,42,0.05,120,-3.1794717408925095,0.07106403410533366,0.9983424934164152,0.9999999999999999,0.07106403410533361,True,0.5784190875577016,-0.899683368923614,-0.17807084351930438,0.9822009896522256,0.085,-0.10509337747197953,-0.910566979535998,-0.03921416500878282,0.8948635873555013,0.109,1.5091707958639002,-0.8539712713792807,0.48779614117444026,1.8282989312796039,0.095
CH_pilot_gateon_mut120_seed7,7,0.05,120,-3.1755915284253136,0.07118364972142661,0.9978583976665625,0.9999999999999999,0.07118364972142645,True,0.6474643972900476,-0.9212780028320755,-0.23133246878515476,0.9846281141018156,0.086,-0.40395457716164274,-0.8929697984539692,-0.008927150067469858,0.8927622558240954,0.096,-0.01202800940585591,-0.8708482665146091,0.5195813687074602,1.8543693252419708,0.109
CH_pilot_mut120_seed123,123,0.0,120,-3.1698232601905825,0.07211535326282913,0.9908087013014232,0.9999999999999999,0.0721153532628291,True,0.005639587863382922,-0.897879829676405,-0.11040177979034681,1.0556574308291158,0.069,-0.49706516336059725,-0.9026182809618156,-0.09706165242792726,0.8795716216762888,0.1,1.8134947544150641,-0.8804991478471735,0.48360807709465936,1.8411812977454474,0.109
CH_pilot_mut120_seed42,42,0.0,120,-3.0943168134154315,0.0677175446980566,1.0038783126045931,0.9999999999999999,0.06771754469805671,True,0.540109665117065,-0.9198504176456055,-0.1620091404377194,1.1091343717262832,0.09,-0.6674907850398767,-0.8800676886253226,-0.03492784724085334,0.9076021520558674,0.101,0.2063464899553032,-0.8629012145018796,0.5024729555797627,1.8334429768773417,0.099
CH_pilot_mut120_seed7,7,0.0,120,-3.1381134897077367,0.0680136681768348,0.9978349797780851,0.9999999999999999,0.06801366817683485,True,-0.9034640682962359,-0.9251379883061552,-0.17415260731300497,1.0598244864074755,0.091,0.7020648004987443,-0.9136461542306059,-0.06423005689476531,0.8704265333158946,0.087,-0.12679896436374824,-0.826999670375289,0.48496660369455336,1.843270833174524,0.09
CS_pilot_gateon_mut120_seed123,123,0.05,120,-5.9332778750358655,0.11418536610468398,0.9947354465294933,1.0192957067052582,0.11418536610468392,True,-0.919525727834884,-0.966280839060279,-0.6070650842044363,0.17339965867713925,0.18,0.27669293158708225,-0.891212182627002,0.017981219631942116,0.88261044940071,0.09,-0.19073722823325012,-0.8765159148321897,-0.0036232902136899142,0.9024295130560023,0.089
CS_pilot_gateon_mut120_seed42,42,0.05,120,-5.705393418981306,0.11441478839324272,0.987713519949394,1.0192957067052582,0.11441478839324276,True,-0.9981022236562738,-0.9621874863107902,-0.5989459662570024,0.14700448201215158,0.184,0.2808673851269658,-0.8916217206201623,-0.03761468650866229,0.9118964344921369,0.102,0.4752369254082276,-0.9003233333209056,-0.025107487869070633,0.9016981350491514,0.103
CS_pilot_gateon_mut120_seed7,7,0.05,120,-5.9384351532043045,0.11443893574409573,0.9924581623423583,1.0192957067052582,0.11443893574409573,True,-0.9714386523959164,-0.9627396575967895,-0.5708117571859362,0.17892900249103247,0.162,0.6612206109267115,-0.9222734464667349,0.033638148912993146,0.886852431158392,0.111,-0.3209284745029463,-0.9052835913350233,0.02480315770817147,0.887006405431945,0.09
CS_pilot_mut120_seed123,123,0.0,120,-5.880189037125268,0.11834322662059113,0.9941919350047991,1.0192957067052582,0.11834322662059107,True,-0.9742257141664658,-0.963923828674297,-0.5783841986965581,0.17128731018522303,0.183,0.08175147486668188,-0.9081256595616888,-0.052877534370302584,0.8825047342911807,0.093,-0.9401016188716853,-0.9019894099179914,-0.033561002353868954,0.8798920311995816,0.093
CS_pilot_mut120_seed42,42,0.0,120,-5.824056343832856,0.11097842509012683,0.9368013689511571,1.0192957067052582,0.1109784250901269,True,-0.9629568308551689,-0.9583255382137312,-0.6201161482181314,0.14691212865990547,0.159,0.15319787918685465,-0.9239014976106249,0.005449372989741588,0.9207369848340187,0.129,-0.9073453897936042,-0.8916527478920481,-0.027629786784297367,0.9064794550153084,0.102
CS_pilot_mut120_seed7,7,0.0,120,-5.948015631089299,0.11368159605840973,1.0012592049050486,1.0192957067052582,0.11368159605840981,True,-0.9712393032511624,-0.9628559552337932,-0.5886990284465169,0.20329595726171698,0.165,0.47774793008143257,-0.9139631907194458,-0.06723524098719286,0.9074933859896132,0.12,0.4274166983380949,-0.8872827070861106,0.004926374071789884,0.902696534851534,0.094
