time,sp1,sp2,sp3,sp4
0.0,0.018485565383026516,0.018287306016974682,0.02245323948428595,0.019054710516237406
0.0001,0.01634225582769211,0.017903125337728636,0.01822592273823657,0.0219578957843952
0.0002,0.020460561972922498,0.020916627024769513,0.020288192601400686,0.020460216511430155
0.00030000000000000003,0.01717642116646346,0.018171878746620226,0.016630419258563834,0.018064553431655167
0.0004,0.019948288826618296,0.018871670954287486,0.021281389590978302,0.016205653642514643
0.0005,0.01965567878198091,0.01618701398771804,0.0189427969285018,0.02001924523842255
0.0006000000000000001,0.01833172262255682,0.019897429389257926,0.016961517924357346,0.015291302003675615
0.0007,0.020001533364666174,0.022415994768162473,0.01703670801589561,0.02116407442457307
0.0008,0.019116830961365173,0.01640515933435402,0.016929370135384494,0.018867760911342672
0.0009000000000000001,0.018375826414317942,0.016611534800309136,0.015980099161572267,0.017271302879846483
0.001,0.019737002534797057,0.01939522605630097,0.01855127978473108,0.019506767120993272
0.0011,0.02160223036823981,0.02037507689193542,0.019504748353177254,0.021105425318166907
0.0012000000000000001,0.017782157561071824,0.01932262958513908,0.01954552101021037,0.016928474138155215
0.0013000000000000002,0.019047703510472778,0.01581405538568719,0.02397808867214993,0.017686530146053897
0.0014,0.02325041213817495,0.020236726243646908,0.021494386584398152,0.01874788277353774
0.0015,0.020689282756767673,0.021662553560781884,0.021908907352814987,0.021443715399762833
0.0016,0.019735977248764386,0.019605767832176647,0.017610243903415364,0.021113373085088066
0.0017000000000000001,0.022840147102764764,0.02400679600046476,0.021630892401463476,0.018710417838791463
0.0018000000000000002,0.017487075928453683,0.02306953662807622,0.017652663709716215,0.01974194064181125
0.0019,0.02064131002541561,0.021061322480526484,0.021543815329753375,0.020882240897316117
0.002,0.016470306006723015,0.021445898298807012,0.0172420119769989,0.02225593364941764
0.0021000000000000003,0.02040404405228674,0.017320879176145103,0.020303326886775448,0.019839407081670816
0.0022,0.02411082520959642,0.022248312387354915,0.022852498677671636,0.023532342110744918
0.0023,0.021753868277303547,0.02358493399730475,0.023764197366129246,0.018789367723249076
0.0024000000000000002,0.025110192967686528,0.01945864120305257,0.024464775377896316,0.0185224311387504
0.0025,0.023585852080803365,0.026246662918262293,0.022438069812792838,0.021239801799195022
0.0026000000000000003,0.023824245666787924,0.022088272588608137,0.026734714996488093,0.02233430606829156
0.0027,0.022183602972598658,0.02189111807818165,0.02146627332016069,0.020893102559122564
0.0028,0.02234351877143186,0.022221178165428644,0.02224946149566382,0.02654607939074738
0.0029000000000000002,0.021205707377989057,0.023714389043190526,0.024983881237377496,0.02380930191679025
0.003,0.023369588417875356,0.023164048952690194,0.024934114590316248,0.023283533191016892
0.0031000000000000003,0.02318943174900803,0.020745458322299338,0.023326285789442246,0.020659317673446344
0.0032,0.02259299274856148,0.024158630207325473,0.02520944579147048,0.026715583536527008
0.0033,0.023071657112224846,0.025863394534569536,0.02533226847988069,0.02594907178788174
0.0034000000000000002,0.02551706859911272,0.022517925690906878,0.021500989752664842,0.02418194210872147
0.0035,0.02352463064759101,0.02279359823075164,0.02263685885726452,0.02408346089574144
0.0036000000000000003,0.02781245755783418,0.024154629491767343,0.02657554473050562,0.023758622846271883
0.0037,0.022432195960829026,0.026657590741458008,0.023426543878368407,0.02420741595744553
0.0038,0.024540080394379313,0.027188212429587567,0.02371837915852404,0.02514608102123536
0.0039000000000000003,0.023753780931864664,0.024591899744247685,0.018780777228932614,0.02874770235229425
0.004,0.02674270486499059,0.02428931649960327,0.02401603877341187,0.023770177228670916
0.0041,0.02728141131274218,0.022247495903385102,0.026193980278585306,0.02849936116276829
0.004200000000000001,0.023783570719818303,0.026397766310627672,0.03109316204575851,0.026417453520171972
0.0043,0.02650479499082691,0.027453217848181416,0.026091783479092877,0.02794580393731842
0.0044,0.0256533859397537,0.02272210904990021,0.026315457331788635,0.023604642529348057
0.0045000000000000005,0.026086331718988352,0.026320388100288482,0.029695050029785827,0.027118321475694027
0.0046,0.027369478049179462,0.02702830075622572,0.025382244341422062,0.021552954740941658
0.0047,0.027261042966715283,0.028816670367258154,0.027480701931367722,0.025031017693791593
0.0048000000000000004,0.028153062347418538,0.02725150465881279,0.031263966091105516,0.028749380330150797
0.0049,0.02932999314415438,0.029122039092286358,0.025505003762926897,0.02779082625395212
0.005,0.02834816910054897,0.029005489476483397,0.029261232304171176,0.027548956232002566
0.0051,0.03317945940607865,0.027824060862700853,0.030337243137333172,0.02587769671046471
0.005200000000000001,0.029538945109108376,0.030036650291146813,0.029379926592440965,0.03033206081263828
0.0053,0.0263668360130508,0.027363002047160846,0.029260365539831877,0.028926723924454733
0.0054,0.02866983423390996,0.0310863239733383,0.027694857392843514,0.025053170388459757
0.0055000000000000005,0.029100754542434767,0.028535812439595326,0.030284774356601894,0.027446447254714294
0.0056,0.0279759941051301,0.028713748580052448,0.029435810074310193,0.027055965146422053
0.0057,0.028419397848859718,0.02822805083842972,0.03126884074438474,0.02821645020359486
0.0058000000000000005,0.03350696753865929,0.029526502868107107,0.028629602979968808,0.03333010432115119
0.0059,0.029986768099307178,0.031353520681634967,0.03108981541186978,0.02939305198451946
0.006,0.03039520695779899,0.027335677610631173,0.030813516229883157,0.025653584823588264
0.0061,0.029137964451858032,0.028253661005759136,0.030964875216116745,0.029125911471898733
0.006200000000000001,0.030610255757749075,0.030443084691814237,0.02920645728042739,0.028088151934085703
0.0063,0.03164858499470045,0.03216641721593403,0.028295477021618227,0.025699026686834794
0.0064,0.02851246686365665,0.03228201538228528,0.03318657159436085,0.027060478484099967
0.006500000000000001,0.030738007936579825,0.03402010760863381,0.031754071906598,0.03190029918432915
0.0066,0.03227673983518384,0.028689301839499172,0.030709073752254443,0.02927263289806559
0.0067,0.030642264826106148,0.03249967914194425,0.032070990215075416,0.023475062814958318
0.0068000000000000005,0.027961899571050743,0.026448504042350572,0.0317679830511907,0.029971355920854717
0.006900000000000001,0.03130653648525658,0.02906062856104531,0.03292826878760619,0.03106445943678629
0.007,0.028381269870148405,0.02820065147831747,0.03174158776598252,0.03335575034228599
0.0071,0.03444155755212009,0.03241284907251001,0.030442913526893524,0.031684876445823504
0.007200000000000001,0.030286795034912037,0.02990345183746445,0.027775255035795393,0.030253768117381993
0.0073,0.030080589910092423,0.03178290613642806,0.02762401959617793,0.03052532708927177
0.0074,0.026625912439341353,0.03391669763558112,0.033425364338221485,0.029763918802015978
0.007500000000000001,0.03276061093627308,0.029934668724010426,0.03268451440627321,0.03204531985012632
0.0076,0.025592830390850668,0.03114563095457392,0.0326520233095411,0.030196698287904493
0.0077,0.034841104282496094,0.029940834084766436,0.03161193819732988,0.026890090434812133
0.0078000000000000005,0.0350922506416716,0.031843937013758136,0.032133809462566915,0.03074847175037343
0.0079,0.03348823976965519,0.03317847771150836,0.038462218592253204,0.031892017351922916
0.008,0.03142870951945981,0.03150765041091224,0.03253623301801317,0.028110312066607284
0.0081,0.032581728432347815,0.03434331770843397,0.03224982640566282,0.029628228106953182
0.0082,0.03567608178214697,0.03006886130456118,0.029495244297748444,0.029065376863891153
0.0083,0.029704932503339065,0.03383917699843626,0.033063345920297735,0.031059216009593976
0.008400000000000001,0.03523270964604668,0.03182842498316944,0.03548837463098091,0.034647886907983684
0.0085,0.03215601736959194,0.03482900321034339,0.033607587477613596,0.03359935426248924
0.0086,0.03006434256431135,0.030207308143159233,0.033461320649429846,0.03009851288425206
0.008700000000000001,0.03231337762454728,0.0332021854075669,0.03583613902207516,0.03118555476050002
0.0088,0.03183806240734177,0.03308066617940227,0.03300971741389399,0.030256707256541965
0.0089,0.030398272006900293,0.0340646687794931,0.033562149014943775,0.03418046600283347
0.009000000000000001,0.030867581863291645,0.03298314641077011,0.038476599390404334,0.030491245730492323
0.0091,0.03342693945582563,0.03177682332131951,0.032304841509125146,0.03558702613984232
0.0092,0.03437929540248576,0.03461667832913198,0.03175967712861536,0.033331225921845745
0.009300000000000001,0.036488863755919185,0.03678870996531126,0.036639304470372905,0.030475526182056057
0.0094,0.034936677020597835,0.03596500046487213,0.0318638079632457,0.030612122538958803
0.0095,0.03622277539237653,0.036521649485176166,0.03250532778566631,0.034564353557569163
0.009600000000000001,0.0347727312282099,0.036470968622359504,0.03448300396581349,0.034383764831469155
0.0097,0.03640509120047532,0.03434535128007136,0.035936870531590955,0.03191491326222386
0.0098,0.03815567830607152,0.03494623721454768,0.03420641331742747,0.03189834754789197
0.0099,0.035240577497470234,0.036831904340902145,0.033527693774924476,0.03714285861681411
0.01,0.035738703115151337,0.036396326899430696,0.0361536537637216,0.03360310392192878
0.010100000000000001,0.03495879368853754,0.03763690264318914,0.0364806715433119,0.035215253280027926
0.0102,0.03452137408458009,0.03613022072489341,0.035037004659290875,0.03623030658537361
0.0103,0.033854995752466435,0.035226353060637726,0.03616307190343845,0.03320498561169163
0.010400000000000001,0.037100624716234806,0.03538012183089804,0.039728829630759584,0.03239112768629491
0.0105,0.03612726252096868,0.034598753457160236,0.03793076388185471,0.034110928962331435
0.0106,0.03561099870381522,0.038663935377403195,0.03592783142079527,0.035430179940752184
0.010700000000000001,0.034515568078337715,0.03664879680341074,0.034992929404900536,0.03304601645893484
0.0108,0.036021325665409554,0.04018895542315446,0.03773312947756641,0.037793877406359894
0.0109,0.03675814954472075,0.035921517559126044,0.04075756174005384,0.03547166364789813
0.011000000000000001,0.03516372671586898,0.03777266452907665,0.03724087973334141,0.030732253697134948
0.0111,0.03845256707352949,0.03915704000552547,0.04164907550887365,0.03566691742019242
0.0112,0.03621441663402416,0.03877262367348275,0.039819863978574344,0.038211122577501026
0.011300000000000001,0.036753650609690776,0.03690679016537083,0.0368360835131222,0.036121044532539025
0.0114,0.0338772321220342,0.03892526405800068,0.03958971655294198,0.03632745841210716
0.0115,0.03738087016541369,0.04057403228512141,0.04030483942557144,0.03405400609409801
0.011600000000000001,0.03605654768716907,0.035883567113371456,0.03981016478921566,0.03337837704888543
0.0117,0.039532005090691824,0.0404235598126427,0.03709625771630079,0.0351177111148015
0.0118,0.03752861360854725,0.03968014435463538,0.042219622545220443,0.03222764231967491
0.0119,0.03698900362694512,0.03751458258771786,0.03634620179603913,0.034737898192247735
0.012,0.03861074554103529,0.03762357580570186,0.03620487167552065,0.041565453362750276
0.012100000000000001,0.03841726160468577,0.03853852563142462,0.03724480707708414,0.036447554880900575
0.0122,0.037686038479514114,0.03467218673769415,0.03744667435577836,0.037624540124298174
0.0123,0.04203192965927937,0.03931755917168421,0.04193986310025271,0.035831419882111026
0.012400000000000001,0.038100104546819946,0.040899085870567696,0.0432057544172353,0.03885306896598063
0.0125,0.03626965335870399,0.03871702007093176,0.040581750485489794,0.03583917305201428
0.0126,0.03930716318569116,0.040625817903552554,0.04217882576258423,0.039837636518941386
0.012700000000000001,0.03800152612716179,0.03639024646812859,0.04103619022599973,0.04034060473225688
0.0128,0.037835314091507546,0.040625582945350666,0.041857742706281856,0.03706267769788078
0.0129,0.038931875446141496,0.03753853992985585,0.03604947792847245,0.03456263273685447
0.013000000000000001,0.03826608599269509,0.04171369160110134,0.040553123234637396,0.03585455789059152
0.0131,0.037393305063468926,0.04096584958200957,0.043622702681734765,0.03912549548486783
0.0132,0.04051607555050647,0.036834353127452764,0.04034928583269523,0.0409989915385934
0.013300000000000001,0.04167610096843722,0.036843866965023196,0.041088141407818767,0.03793608799813467
0.0134,0.038036235513264835,0.03543371922527647,0.04154370594539211,0.03573963626341901
0.0135,0.038121154939122846,0.03947598441194703,0.04122549370675515,0.03740200691110954
0.013600000000000001,0.0380490829366647,0.039878112760320675,0.038124843687595424,0.03814703280892081
0.0137,0.03423267929668395,0.03987271191524709,0.04362496969203686,0.035510822229678676
0.013800000000000002,0.04150620564251542,0.042896295990491135,0.03531777127482268,0.03743109766751063
0.013900000000000001,0.034449865787443655,0.04048153498626523,0.042066274091593366,0.03287283042593904
0.014,0.04417911356638994,0.04142309213709291,0.04052969114849954,0.040872551250464725
0.014100000000000001,0.036866195814783995,0.03852581887170928,0.03777602918566633,0.041647539798996304
0.0142,0.04125006597750271,0.04243606107623547,0.04312423012939778,0.03929642880815092
0.0143,0.040869449485973694,0.04179219718012747,0.04288481159079916,0.03703494420186271
0.014400000000000001,0.04074793940912455,0.04193064531240455,0.043038173997428604,0.03539961247272655
0.0145,0.03827908868813422,0.043682249545476365,0.042350656981363775,0.03962743423188467
0.0146,0.038912677578719246,0.038703398381109505,0.04142512366781715,0.038115481773893754
0.014700000000000001,0.03989447847971983,0.04437069762532897,0.04361914199088564,0.042360922541373185
0.0148,0.042161407333595136,0.03709089035915656,0.04552006788281989,0.035746183873839855
0.0149,0.0419414844749035,0.040499810191799754,0.04784141086337425,0.041746536561665396
0.015000000000000001,0.040124599983504206,0.04192767804781634,0.044193307900843665,0.040696037494275895
0.0151,0.041794371017178554,0.04026585124055667,0.04241724023918014,0.03906193267868261
0.0152,0.04433281260843188,0.043304600753961524,0.0424539001033837,0.04046915018115269
0.015300000000000001,0.04121776964504765,0.04436306508300428,0.0492032537584117,0.03855608477031686
0.0154,0.0437228031570783,0.04122483015157757,0.04407334267209272,0.03943402254440102
0.0155,0.04186009545464628,0.047775059247200755,0.04383345940653131,0.04064959206162862
0.015600000000000001,0.03851517892614112,0.04384649092092696,0.046879671852682145,0.03852151879483961
0.015700000000000002,0.03748282170891698,0.04303871456428958,0.04477899289556765,0.04112552443358256
0.0158,0.046653012261192034,0.04248948895872162,0.043181260496301256,0.037444038758624884
0.0159,0.04315533388893133,0.044341944208250515,0.04395189008934979,0.04143558182901231
0.016,0.043817948886253066,0.043603403152420256,0.04338789167771969,0.03901467434944553
0.0161,0.03815571113359438,0.04412228597269805,0.04539508352404974,0.0404553949430905
0.0162,0.04415194093871429,0.04455619817259954,0.0452714774378597,0.040275656988794664
0.016300000000000002,0.04046279465815898,0.042751031803465435,0.04574319518389225,0.038806350230280826
0.0164,0.045119900468064966,0.0427352048162944,0.04622504324647279,0.040610780282350774
0.0165,0.04502037512521875,0.045988128078047065,0.047330850013539975,0.036265085715061054
0.0166,0.0460443900953883,0.047375322958549154,0.04512906492689182,0.04104970109245364
0.0167,0.042002760181934405,0.04055819742310221,0.0447665912749043,0.03959530073686149
0.016800000000000002,0.043203110746623134,0.04267146440754995,0.044928062618019494,0.04075260248077107
0.016900000000000002,0.04250080884012217,0.045810772669154176,0.04790931142556678,0.04563429400524415
0.017,0.04642113816730849,0.04534445780783485,0.045456727880070304,0.04155978596819054
0.0171,0.04495155355464389,0.043966252441678566,0.048416177916673506,0.03827473959472779
0.0172,0.043938216032482505,0.0462393246457972,0.046425200863413923,0.040755944990682795
0.0173,0.044280171656538095,0.04359123943765912,0.04950002349745636,0.039231772611592004
0.017400000000000002,0.04532086615393247,0.04622467986611982,0.04540703177154702,0.04151232874094801
0.0175,0.04299416652628712,0.04831452197275574,0.045178968097216235,0.040156478538687757
0.0176,0.04249394625809771,0.042952206138958,0.050791430372011996,0.04264785685326743
0.0177,0.04535203330850943,0.044489732638624824,0.04957689958909115,0.04001178171995009
0.0178,0.046787862727958304,0.04419326614486115,0.04662555000562794,0.043274596778011945
0.0179,0.04705746670272629,0.047268758588915646,0.04596832276666301,0.04096227196216736
0.018000000000000002,0.04577293023096715,0.044510899414083184,0.05096292110788876,0.037149415709902864
0.0181,0.044031069950850356,0.04532610422000787,0.0426866546765015,0.0392583273628844
0.0182,0.046968642352707604,0.046541710309594184,0.05167458510046336,0.04523860853711702
0.0183,0.04671377113296039,0.04724365789504976,0.048814173733961304,0.036935257473809296
0.0184,0.04318827766390448,0.04695470591620668,0.05006859155876422,0.042921924657434815
0.018500000000000003,0.04432229087724948,0.04876447871910046,0.051955889717534065,0.04431562720579823
0.018600000000000002,0.04821635191856009,0.04590766608913511,0.05129756702554901,0.04282812946604497
0.0187,0.047390307582089154,0.047893575721119144,0.04905765997516296,0.04091347436421772
0.0188,0.04633307975461914,0.04927297495098576,0.048572858929318403,0.044516945620124565
0.0189,0.04810176672086611,0.04683846442151488,0.05238883068962107,0.04211583586906129
0.019,0.04977710957283206,0.04844163096476611,0.04973516479575311,0.04114791256087836
0.019100000000000002,0.046712006433358016,0.04730304849425358,0.04740621881880584,0.042584780212585154
0.019200000000000002,0.0454115545450588,0.04901989673869982,0.052691538881979215,0.04066258667682806
0.0193,0.05057453570681116,0.04772831437805128,0.04828535544472943,0.04472824738102734
0.0194,0.046387898319665104,0.04795960629461449,0.0495835184919602,0.04167549612949796
0.0195,0.048859818377332345,0.0476883023627018,0.04767570716326076,0.04450724233456434
0.0196,0.045131808967398414,0.04609237501648523,0.05309142042736762,0.04110850981745689
0.019700000000000002,0.04304136792511633,0.0497827755280123,0.05025594241363672,0.043161865834870305
0.0198,0.04717667770858216,0.04913871894885558,0.04951595849431921,0.0466453126923205
0.0199,0.04498477753446149,0.04970362702951954,0.05246363558918218,0.04226960814457281
0.02,0.04602147098741177,0.05098689764156451,0.04935594000476749,0.04267133579642959
0.0201,0.04997540279173892,0.04916087985148207,0.04790191585048475,0.04747445867880043
0.020200000000000003,0.047272754150585974,0.04842490937597372,0.05216658950196904,0.045326096787156586
0.020300000000000002,0.052387123055026394,0.04604949485866322,0.05346602174633391,0.04565749284858861
0.0204,0.048322873632791925,0.05108356859356471,0.05384204257970681,0.041503006974876404
0.0205,0.05222917778569383,0.046531071788040855,0.0498625224324452,0.043838746433431136
0.0206,0.052712121601486285,0.04917184535329825,0.05222923323447435,0.04732179969189238
0.0207,0.0483943567027595,0.04757143690304563,0.051618865252729886,0.047294479620791384
0.020800000000000003,0.04926963412181862,0.05392977011589167,0.05408972887864179,0.04335846559564772
0.020900000000000002,0.049363128704874804,0.048502354324241825,0.05143780955310143,0.05370137479504335
0.021,0.051431460000282515,0.05207151932250746,0.05168942633460257,0.047977433805558564
0.0211,0.05172644205824976,0.054253296642281165,0.05676342363890298,0.04197508426171476
0.0212,0.04744149880171179,0.04862340918750953,0.05137102170856536,0.04567510372933843
0.0213,0.048661306900841056,0.05491731477842162,0.057230271925835255,0.045110152170572494
0.021400000000000002,0.05383947339672922,0.05388972402857691,0.0526818119473355,0.04119946240482707
0.021500000000000002,0.04962696451157852,0.04976575385065811,0.054158855169273046,0.045491109942745786
0.0216,0.05032319208499588,0.052244119246474555,0.05148372702676912,0.046230077892746996
0.0217,0.0494523571145934,0.05173867616532987,0.05598682794935302,0.04305320658785407
0.0218,0.04990361392395777,0.0512438176776045,0.05320702016521727,0.04739625987224143
0.0219,0.04916021745175796,0.05051247412082712,0.052979584367389435,0.04787525350402876
0.022000000000000002,0.04975108198102698,0.05268597087419959,0.05851501418876221,0.045635995789475546
0.0221,0.053095252652997874,0.05525141182578863,0.05678248742896389,0.045846469173549335
0.0222,0.05229069489210167,0.049476990412052564,0.05333283941535116,0.04476511090866847
0.0223,0.05562324062279575,0.05056984485873222,0.05340311687203278,0.04398096012034216
0.0224,0.05239736776468977,0.05262374727210965,0.05739705830115443,0.047505614602582624
0.022500000000000003,0.0486528851686739,0.050867665809277145,0.058119995245102744,0.04585074537678998
0.022600000000000002,0.053924963785455124,0.05232680452156218,0.05362015181156499,0.04574502132457449
0.0227,0.04974999240513239,0.05163923609921287,0.05612377459841476,0.04746890949307225
0.0228,0.048642219640187154,0.05288001287770443,0.05471548389864185,0.04524298253302593
0.0229,0.05222468213403336,0.0519584863924641,0.058820119271618884,0.04901000612387722
0.023,0.05445988227730026,0.05221444687370864,0.054298311303050815,0.04689197079616843
0.023100000000000002,0.051932645792243146,0.052131735844892765,0.05403964559138015,0.046738862862547886
0.023200000000000002,0.051562526350022175,0.054871430814895254,0.057889473953635966,0.04911744651390847
0.0233,0.04998960460292192,0.05444244947267132,0.055272821682566066,0.0445689277510361
0.0234,0.051788731251262286,0.055923582350465656,0.05615195352689244,0.05023453684802282
0.0235,0.053881644160802704,0.053144076244537784,0.059385872133069,0.048088255420956724
0.0236,0.051056932959490556,0.05779619442034554,0.05775426786437384,0.04732885249909877
0.023700000000000002,0.051349366013369944,0.05658424661267852,0.0584397479090929,0.04864349948994341
0.0238,0.05218396509368266,0.056040202970745065,0.059399064954577044,0.04614119531751549
0.0239,0.05050386253284734,0.055681832348379215,0.054599340434185774,0.047876478533447245
0.024,0.052582388023941794,0.05710375553219941,0.057131300939210795,0.04988065547687442
0.0241,0.052587716934737426,0.056814002297486156,0.06220898597828681,0.0456236460291889
0.024200000000000003,0.05433968879737029,0.06045943840244247,0.05839315645073811,0.047976916673239764
0.024300000000000002,0.05547232248461001,0.05519214849241405,0.05501756639744041,0.050211484589411076
0.0244,0.05002936246213264,0.05442477836303103,0.06101927509784845,0.04732736538638135
0.0245,0.0527880302207335,0.057165527874779416,0.05707496679533902,0.045689510713034294
0.0246,0.05486484605780903,0.055190057148970045,0.05646299239321931,0.04950135144391076
0.0247,0.05538542087178024,0.054985564454016214,0.058541188265173315,0.0492616891523702
0.024800000000000003,0.056978030511759405,0.05528892764025043,0.06060711623628379,0.0495447352804414
0.024900000000000002,0.05649702043034526,0.05608284262871861,0.05764735041957405,0.04758274236336782
0.025,0.05556544883158493,0.059791135516105855,0.0586786015248542,0.05021069678944039
0.0251,0.05436520465185555,0.0565254009106452,0.06285245261497996,0.05022306446210903
0.0252,0.052680535969094895,0.05531004585063909,0.06250950106196095,0.049071569692541984
0.0253,0.053007514249519674,0.0549679011104952,0.06157982747061343,0.0508699461275969
0.025400000000000002,0.055483209777983857,0.06170752304483129,0.06199731187820938,0.048487453764340535
0.025500000000000002,0.05395863817124776,0.05495849734881047,0.061196403065427875,0.04809013125560735
0.0256,0.059080336962959376,0.059992542878792375,0.06196863520744188,0.046802942259775014
0.0257,0.0545314606765226,0.0597232121611345,0.059753701678197664,0.05149844785960122
0.0258,0.05696840669251181,0.05746751695496673,0.0596518925520826,0.04915888771646201
0.025900000000000003,0.056542048313509945,0.05958167100897456,0.05946420506417245,0.04891493464832236
0.026000000000000002,0.056396207027108534,0.058994751613767465,0.05959726151284082,0.04690060428070805
0.0261,0.05779855589342324,0.05478658971656464,0.06416306121771051,0.04931505048580462
0.0262,0.05349988638014901,0.05701503361631068,0.06253066017073484,0.0486546432719766
0.0263,0.05677959078129067,0.05960971164995186,0.061547744700069844,0.04793905747636628
0.0264,0.05628640746415973,0.06111321249952684,0.06550236970690373,0.04586643313651394
0.026500000000000003,0.059211538536786644,0.05893810309708087,0.0641607270239998,0.04889840754207034
0.026600000000000002,0.05363832768701217,0.059761360492643266,0.06061173461761614,0.04731588434449753
0.0267,0.05468369029670965,0.05994908722006165,0.06295393018821703,0.05175047359970733
0.0268,0.0588045499303802,0.05806057242920012,0.06271582467857534,0.04925572668101185
0.0269,0.05719191987176934,0.05712341481870067,0.06381989924716722,0.052521891877406766
0.027,0.056125796618969645,0.061776254821110155,0.0634485465532808,0.05094684604920161
0.027100000000000003,0.05450688379053619,0.05575529030873818,0.06369272505578458,0.05213717975032019
0.027200000000000002,0.056709976605160306,0.06286641194754923,0.06505777071517219,0.04883405069556137
0.0273,0.05826170561893433,0.0646368031088814,0.06128659665804537,0.051800281667504534
0.0274,0.05770206771622718,0.06125377124708729,0.06649051910436239,0.05006426768931787
0.0275,0.060733209257951754,0.0644397340553239,0.064273191472793,0.05249951139291635
0.027600000000000003,0.05746261203139731,0.06019351090984304,0.06397238682129372,0.052616590676548024
0.027700000000000002,0.061201236870292254,0.06009366568466324,0.06757850430975473,0.05417579174809205
0.027800000000000002,0.060634268084124816,0.059439225116304874,0.06347355097701068,0.049583905998488
0.0279,0.060987854108621016,0.05820636590401729,0.06623726406617549,0.04913941622349307
0.028,0.060885862946136474,0.060823288599894616,0.06773767795610816,0.05367750521520849
0.0281,0.062258439230457596,0.06386975859363563,0.06554490827063755,0.04916996654771227
0.028200000000000003,0.05743309054922173,0.056934022056512684,0.06327799616801702,0.05171815264967433
0.028300000000000002,0.058568948691538524,0.060907373725506975,0.06661887713136593,0.051065324047474464
0.0284,0.05759501357344225,0.06132143290253696,0.06402502276263955,0.05122482791342087
0.0285,0.06267493453471623,0.061047476037524556,0.0695529170310835,0.05472261687319192
0.0286,0.058981776311848214,0.05952715824378744,0.06609533428905084,0.05425894259495059
0.0287,0.059311309909887276,0.06372683984266987,0.06880720753343436,0.050497176636993504
0.028800000000000003,0.05909119438570487,0.06349757273203795,0.06688435360165396,0.050766044973877274
0.028900000000000002,0.059890842126770656,0.06209313654734632,0.06364172835355306,0.05376239406303571
0.029,0.05979002829870127,0.05682900936271538,0.06691492346861973,0.05084090539870334
0.0291,0.06427757147757365,0.06138815870550298,0.06495905812525711,0.05343285407094705
0.0292,0.05973185310412634,0.0611630856663972,0.06836548005335329,0.05042899617809493
0.029300000000000003,0.058291329167717836,0.06633728738222602,0.06869806192708816,0.05207445603073076
0.029400000000000003,0.0613523601696213,0.06406065899213842,0.06967878298310029,0.051183870060137186
0.029500000000000002,0.06224535676910395,0.06219950800941269,0.06754764743175382,0.05311015514174748
0.0296,0.06165376828299422,0.06484838502997971,0.06909374481622046,0.04986538295657915
0.0297,0.05910585486950975,0.06280250311685934,0.07197124567411135,0.05127149336144502
0.0298,0.061559747418757124,0.06263428166112939,0.06740079323844599,0.05342411632193394
0.029900000000000003,0.06493275620011348,0.06478430131173919,0.067097172077916,0.05866706028971404
0.030000000000000002,0.06244367570884464,0.06288366855549947,0.07172424561015911,0.05231542955815034
0.030100000000000002,0.06576800455814359,0.062462927591571724,0.07195640109229669,0.053748641202052604
0.0302,0.06518025160802882,0.06817420563329414,0.06702788350707004,0.05599107060554228
0.0303,0.05993663269123184,0.0624431264717536,0.06788350898731131,0.05453978779161034
0.0304,0.06297709062289425,0.06437040548977935,0.0699805020527521,0.05480808816746577
0.030500000000000003,0.06440450004454998,0.06706055689895832,0.07352628019983044,0.05367578607386474
0.030600000000000002,0.06218309890475674,0.0662672057325646,0.06779635723478843,0.052454112186684734
0.0307,0.06538164140371308,0.0649601532297993,0.06786761717768167,0.05092493219292308
0.0308,0.06363824674492262,0.06766084739822514,0.07274070953024828,0.05421932587735957
0.0309,0.0677168988355162,0.06533642735667636,0.070406580981622,0.04895572870612544
0.031,0.06296295498784585,0.06741948292086732,0.07401222124568677,0.05252317644573311
0.031100000000000003,0.06494112225196778,0.06797896825428767,0.07110778302930557,0.04971013994267606
0.031200000000000002,0.06467047165791395,0.06757820292943573,0.06939207660755115,0.05386145731809127
0.0313,0.06202451253699824,0.0610855538050532,0.07354297613520928,0.05445534562856997
0.031400000000000004,0.06769080801238046,0.0681113778115076,0.07098308365673128,0.05438956889987382
0.0315,0.06578810817079542,0.06850176366588087,0.07253987297878906,0.05686021565211473
0.0316,0.06422305479537914,0.06474535359658098,0.07196843613014842,0.055152510308634876
0.0317,0.06257430540384751,0.06423822240601827,0.07319684624634344,0.05402255041755457
0.0318,0.06480702488702388,0.06636469072611005,0.07554779228222899,0.057451922861801764
0.031900000000000005,0.06282567793841998,0.0661912842857002,0.07441161536178245,0.05622542266038122
0.032,0.06537949766327177,0.06515485169902772,0.07155204431485292,0.05408117831438122
0.032100000000000004,0.06617878170253091,0.07101107612932091,0.07174938446515602,0.05315582022635404
0.0322,0.06557035225510616,0.06984105937650642,0.07043590418690718,0.0582083506913577
0.0323,0.06560654890186308,0.06648329246131211,0.07033632310243253,0.05680733038514969
0.0324,0.06577171143417829,0.06846808750680777,0.07194261783089151,0.054849318380451026
0.0325,0.06530469084378204,0.06810062900049846,0.07261318609008506,0.05251238567857323
0.032600000000000004,0.07189901118390374,0.06575054155057729,0.07452376969113275,0.05212994500990622
0.0327,0.06261243555334486,0.06884893559623065,0.0747186610032434,0.05829026800353218
0.0328,0.06757050474957192,0.06852999304465061,0.07268031441772765,0.058858580171616645
0.0329,0.06879435763934257,0.06651368826754142,0.07486554807989677,0.05624196353631947
0.033,0.06641095688337947,0.07072718337567742,0.07666371096921054,0.05566620810471164
0.033100000000000004,0.06670650125478665,0.07235893851935522,0.07707706660987744,0.05628523845740807
0.0332,0.0641761652491785,0.0702269665743096,0.07681922166367788,0.05072483070681927
0.0333,0.06810503536678425,0.06888393430233271,0.07519353557109199,0.05451248680870917
0.0334,0.06747200212469182,0.07268006205794754,0.07495516173317834,0.05835178940020804
0.0335,0.06632317512635733,0.07159276220499101,0.07606451195699987,0.057218104676886476
0.033600000000000005,0.06811797508899327,0.07153808305223047,0.07113980015431409,0.05376783664530856
0.0337,0.06910603627046714,0.06634775207012304,0.07542811016727909,0.05659225770465087
0.033800000000000004,0.0667841789128935,0.0692321171555356,0.07724726782626629,0.05881300161718078
0.0339,0.06669252308652206,0.0696459513137932,0.07545694780129536,0.05204514506545878
0.034,0.06906218836925807,0.0728467490753951,0.079168657975414,0.05523988556243448
0.0341,0.06644509344153403,0.07120219025923243,0.07901035795449741,0.05738465417591095
0.0342,0.06969720690259196,0.07362472787335121,0.07609051540885337,0.056728569620725894
0.034300000000000004,0.07255830162122578,0.07112995347020755,0.07525163318507214,0.05592337599769978
0.0344,0.06758361026932239,0.07242083500263187,0.0762124740624257,0.05789775730156827
0.0345,0.06815910684893726,0.06764311285763683,0.07883621267907623,0.057746239299931106
0.0346,0.07083840986649313,0.07072768332179348,0.07688303515442771,0.05834589170143917
0.0347,0.07301298127657145,0.0722802106783934,0.07951099276198073,0.05699345183655364
0.034800000000000005,0.06706012148909757,0.07437738106771023,0.08069889872419665,0.05915186796658046
0.0349,0.06995632611132596,0.07382171425818654,0.08089039246645292,0.06106435380431581
0.035,0.07247049925028452,0.07294075818096694,0.07670771366947916,0.05822909367144805
0.0351,0.07118022902470302,0.0744171243775177,0.08225390962179116,0.057821241131268096
0.0352,0.07504307448346952,0.06966687688614015,0.08060727151528835,0.056508291199482655
0.035300000000000005,0.06720108219329449,0.07296872685537208,0.07707726211529801,0.05787629107459599
0.0354,0.07125989253472907,0.0757966232698444,0.07720001658952207,0.060109877453846404
0.035500000000000004,0.07156174608126087,0.07580494534240906,0.07957582519237556,0.055722363870419955
0.0356,0.06910622250639072,0.07135178203257955,0.0816196596004654,0.06143458898144369
0.0357,0.07058736045981324,0.07538226234242214,0.07784241573278293,0.058935305600122355
0.0358,0.07323083901715001,0.07141678348394735,0.08070736800244391,0.06010044211708406
0.0359,0.06620303222001253,0.07717342851127748,0.08204889705643931,0.060196034731335585
0.036000000000000004,0.07142240568709118,0.07124701642597221,0.08263663759180587,0.058691397544136915
0.0361,0.07248975843155973,0.07705806559261087,0.08332018455045542,0.06279307923936005
0.0362,0.07291133334191302,0.07369126979663478,0.0816473417217686,0.05987598510152457
0.0363,0.07481385091882466,0.0723309242222744,0.08226994448986621,0.062357823650840444
0.0364,0.0724806503145782,0.07731876927784952,0.08346837513225015,0.06114457184527923
0.036500000000000005,0.0715208958750242,0.07403815324914684,0.08275253339967595,0.05626254595259135
0.0366,0.07278070492034473,0.07634738009298482,0.08651169083279059,0.060226593682209846
0.0367,0.07475083407317805,0.07836370941868784,0.0812441166586153,0.05918518891783201
0.0368,0.0785318166852763,0.0760701065760394,0.0856378895154474,0.06153705637687163
0.0369,0.07090580336641841,0.07704336681346022,0.08393070485937776,0.06036375429615942
0.037000000000000005,0.07253527160442977,0.07438309201075016,0.08291795928102969,0.05960253281745048
0.0371,0.07659535925644166,0.0804465425809663,0.08689653356385828,0.06161280959094606
0.037200000000000004,0.0723990332165395,0.07618958722690834,0.0847571395478691,0.05872190798932189
0.0373,0.07574487956418254,0.07864428075513301,0.0856444098800212,0.06213143297900252
0.0374,0.07296447304438958,0.07926536683418707,0.08341567566754265,0.05829370064563461
0.0375,0.07602150920540322,0.08002833096406606,0.08601872661724082,0.060311620722740766
0.0376,0.0757616418660364,0.07806678721779765,0.08302712895747442,0.057879244117786985
0.037700000000000004,0.07516817710360242,0.07815147332699146,0.08553862640702863,0.06181119123898587
0.0378,0.07507980901246065,0.07931602262976109,0.08546432058025617,0.06420024167299418
0.0379,0.07585756397692738,0.08307029404259889,0.086695653096619,0.060220737538296445
0.038,0.07408305671034028,0.07570233777601561,0.0842474862530297,0.058983480043512594
0.0381,0.07685785246938118,0.0777355334469973,0.08684357271724834,0.06340128307770287
0.038200000000000005,0.0760793006842889,0.08314641162240892,0.08435805310195033,0.06063082611141664
0.0383,0.07536344326103926,0.08106183185786281,0.0824706586919924,0.05814046290296036
0.038400000000000004,0.07641497551558553,0.08249278250610421,0.08764310473216236,0.05841833251616722
0.0385,0.07442338593012915,0.08293770450194882,0.08619094458304362,0.059330268544192565
0.0386,0.07996096566733384,0.08181610837087014,0.09022374237510958,0.059410913563264035
0.038700000000000005,0.07414496374438533,0.08026292945222542,0.08858890184258007,0.062135037384025656
0.0388,0.08034095200356942,0.07673223887845815,0.08988168553767684,0.05930745480560184
0.038900000000000004,0.07928592008272119,0.07945353232810706,0.08677861886599553,0.060375805506630624
0.039,0.07487355212984177,0.08068847401347194,0.08710610565886268,0.06326314856176908
0.0391,0.07923566714598322,0.08418859998029905,0.08962962214748996,0.06282688420840712
0.0392,0.0809469980042674,0.07976213119501287,0.08616659205337862,0.06228072900224427
0.0393,0.07549323736672076,0.08613100724704664,0.09230087472326753,0.06630354163502135
0.039400000000000004,0.07865556829617669,0.08253045463580314,0.0887183271023622,0.06383652277655931
0.0395,0.07629222365660157,0.07654980448311524,0.0883038885296847,0.05925484676013448
0.0396,0.08187226657970857,0.0854745366876294,0.08732811721221817,0.06484438205653464
0.0397,0.0810127549803016,0.07891132846236772,0.08960274148292083,0.06119581734528834
0.0398,0.08080001818781493,0.07980153396239685,0.0904354698965768,0.06107950678005918
0.039900000000000005,0.08044522419982034,0.08203423185239048,0.08981330157718859,0.06212005091662873
0.04,0.0837656156021027,0.08184325395732273,0.08905300144113062,0.06380881699748682
0.040100000000000004,0.07960194395928114,0.08005633838894402,0.09584986632031255,0.06203233549917407
0.0402,0.07932919460950617,0.08341674733004317,0.09509961366700095,0.05947318423563623
0.0403,0.08083332389427059,0.08748241032896513,0.09214999050487872,0.06045742662154551
0.040400000000000005,0.07924145722916581,0.08393294109888416,0.09480794235812662,0.06234488100069181
0.0405,0.08232893493610173,0.08086027072744904,0.08951334937507095,0.06215344806291712
0.040600000000000004,0.0837495524643575,0.08408111396637889,0.0932355121349828,0.06377074424585527
0.0407,0.08329025954703213,0.08293580522931823,0.09428821747369652,0.06164839442612319
0.0408,0.08523722394740771,0.08276887361383808,0.09140328189075043,0.06450511338447536
0.0409,0.08162957865714122,0.08523729878593149,0.09387975890238705,0.06132064288672903
0.041,0.08489653253066838,0.08658514714325899,0.09640076145271062,0.06254045877359736
0.041100000000000005,0.08270316597621077,0.08540780068749501,0.09619725831861402,0.06601335003985559
0.0412,0.08245701766153728,0.08219269647298817,0.09775963148969931,0.06490060203996664
0.0413,0.08105533371681554,0.0862577535998632,0.09143784026029092,0.06599514708988279
0.0414,0.0795315722527735,0.08521960821211139,0.09520932275260902,0.06605797476003061
0.0415,0.08288937085838657,0.08714834977797549,0.09492513525251794,0.06401181862574694
0.041600000000000005,0.08305002121964025,0.0857179956631632,0.09187005438752091,0.06263547975280141
0.0417,0.08357190269273251,0.08581609929176068,0.09519397497343418,0.06362139684429796
0.041800000000000004,0.08155894522578148,0.0855469161729854,0.0951550022477782,0.06437440934598733
0.0419,0.08427719204327203,0.08639133399667133,0.09397310403658879,0.061664019512771846
0.042,0.0888901090898718,0.0847126713761177,0.0952595914507896,0.06559028657746413
0.042100000000000005,0.08462226283028021,0.08823444874450713,0.09567651419806501,0.06512954655072975
0.0422,0.08422904513064063,0.08678942130386608,0.09731855657078875,0.06685934820115251
0.042300000000000004,0.08426828444324974,0.08760410886282903,0.09923053166458559,0.06676756698961493
0.0424,0.0876873974011727,0.08434481598120426,0.09917160612074719,0.0661442781891235
0.0425,0.08295557354050292,0.0885830814148868,0.09973145695937946,0.06337911494855462
0.0426,0.08581987284721218,0.09004579961009636,0.09575570949943117,0.06484921917052237
0.0427,0.08574507188305579,0.08693457518321676,0.09640866874283611,0.06496010237904812
0.042800000000000005,0.08695532084500106,0.09003861309576473,0.09671406946325355,0.06663097184361731
0.0429,0.08388958893680812,0.08575567506997026,0.09797322273586218,0.06766906296719156
0.043000000000000003,0.08708333912595606,0.08919830500999841,0.09814541095798868,0.06474013195821522
0.0431,0.08619946148094347,0.0872905737134071,0.09855461829155027,0.06518509336473174
0.0432,0.0834907421777052,0.08797712006324196,0.10034455855351254,0.06573187626871055
0.043300000000000005,0.08578689438067454,0.08805829911018483,0.10295065946792434,0.06413355889804545
0.0434,0.08711965955675935,0.08913312449302559,0.10014363803526435,0.06682144617891599
0.043500000000000004,0.08408854752381432,0.09032391185459315,0.10272736310126797,0.06952598466960416
0.0436,0.08678215196909318,0.0906493631497432,0.1050441068706051,0.06836962864330377
0.0437,0.08602126411888412,0.089557466676258,0.10281078534421335,0.06417455021640181
0.0438,0.08964547590781649,0.0916940445329752,0.10221008609714254,0.06578004665288933
0.0439,0.08642509943039312,0.09418002121658596,0.10095884264543771,0.0655685794641622
0.044000000000000004,0.0877397407054583,0.09187325243162571,0.09966905603111079,0.06535768774667451
0.0441,0.08687975734945416,0.09340952479157902,0.10023788862241807,0.06307292208296691
0.0442,0.08439798156891738,0.08901054507975376,0.10501271799295603,0.06671394419085201
0.0443,0.08955156229750585,0.09325720886925955,0.10268255957079107,0.06662908790547678
0.0444,0.0908555563372732,0.09270974196023044,0.10564966112395938,0.06811747639234285
0.044500000000000005,0.08774889790450878,0.0916575892055512,0.10167853723927212,0.06940812522644205
0.0446,0.08839292483764358,0.09128961094383203,0.10405575185103844,0.06687595450919082
0.044700000000000004,0.0900112510797744,0.09690147755212485,0.10552579650555152,0.0672216164085015
0.0448,0.0868249073197938,0.09235781364287624,0.10540593841438571,0.0649228670161828
0.0449,0.094143889143096,0.09362305810784889,0.10436646848835701,0.06602905990106393
0.045000000000000005,0.091076174663725,0.09151530693643455,0.10888421854016016,0.07009450166098379
0.0451,0.09227260048939857,0.09128813909873686,0.10525165972461147,0.06997546836214559
0.045200000000000004,0.09171208640996734,0.09230306823119122,0.10382778565491196,0.06675096772994897
0.0453,0.08954142923501925,0.097603737989763,0.10157382903224062,0.06906427082535693
0.0454,0.08838669044723617,0.0928631775505885,0.10168501488954029,0.06675196449803199
0.0455,0.09421631751626589,0.09555543733146173,0.10359713102231202,0.06998205797082166
0.0456,0.09388158620487073,0.09547460003129794,0.11035347312002301,0.06968862875277838
0.045700000000000005,0.09300897433359455,0.09390107957011633,0.10782964267562345,0.0685768697314918
0.0458,0.09290858887347797,0.09438060914799368,0.10712266661006695,0.06660739981061917
0.0459,0.08780049985915996,0.09798894820909537,0.10415406827848593,0.06855338050731372
0.046,0.09298717488763024,0.09688864087359671,0.1068858217901899,0.06897936459606417
0.0461,0.09349008645637347,0.0979492391312279,0.11121275464237747,0.06900331348564001
0.046200000000000005,0.09290380855599624,0.09491026692168532,0.1089124170082873,0.06996772456298829
0.0463,0.09261924165322362,0.0980579877183638,0.10775090678516581,0.0700730266386297
0.046400000000000004,0.0950577701608649,0.09901168061942799,0.10886780709976364,0.06674923797862231
0.0465,0.09223803904521623,0.09865102784477146,0.11382668885049105,0.06824591582106235
0.0466,0.09460342398610577,0.09659552434815312,0.10727884451557751,0.06767295901854478
0.046700000000000005,0.08975727377334079,0.1006620456334503,0.10506500309844222,0.06859621812944808
0.0468,0.09179701841251069,0.09643459272652931,0.11257756662506493,0.06962434304075414
0.046900000000000004,0.09245412750384677,0.09727312997702198,0.1085935913375467,0.0692335029750292
0.047,0.09496293971984879,0.10249276014180342,0.10659276156565164,0.06934940589763228
0.0471,0.09421885017191936,0.10084479110950843,0.11143658757889986,0.0706982422614722
0.0472,0.09577358158704882,0.09733843420787847,0.11345185158989507,0.07121306624262773
0.0473,0.09714848868356896,0.10198187999315327,0.11216782315034414,0.0726766312590366
0.047400000000000005,0.09630732613472788,0.09926766830624009,0.11162320267079222,0.06976560051964545
0.0475,0.09474848202593172,0.10322221349624323,0.11253372605344392,0.0701014583581429
0.0476,0.096799632431977,0.10617144149134959,0.10998320116581589,0.06832064963605677
0.0477,0.0934983645005825,0.10000047883813941,0.1130439921466843,0.06917887893456295
0.0478,0.09541708070532844,0.10100508196529363,0.11185583893496934,0.07082872515168608
0.047900000000000005,0.09896263770872858,0.10232958001323082,0.1149299763269282,0.07247911221559397
0.048,0.09753806879440786,0.10091413765593409,0.11193213638261314,0.0696238734839126
0.048100000000000004,0.09616389541414269,0.10295132066026623,0.11447970049428437,0.07189875263201531
0.0482,0.09513005912334406,0.10460868881453476,0.11324246960155658,0.06840426354739602
0.0483,0.09681237782024964,0.10697059508930597,0.11363209580436406,0.07005321679517974
0.048400000000000006,0.09754730047213533,0.10196435689705549,0.11315648297111389,0.07108900194409794
0.0485,0.10032401391658562,0.10314937404268197,0.11280981858693223,0.07021310329105257
0.048600000000000004,0.09731170316751825,0.10288653717399707,0.11800657727536037,0.07070330226578106
0.0487,0.09848100351901828,0.10659647767263018,0.11741242348221957,0.07224855676192495
0.0488,0.10281675502200965,0.10428200921107221,0.11200210975917728,0.0728651057849884
0.0489,0.09596027848488366,0.10446826687526065,0.11286364658007472,0.07036549739953732
0.049,0.09866115685151247,0.10228656003519151,0.11591021872829765,0.07346381963905804
0.049100000000000005,0.09820587933613575,0.105180296703769,0.11499423392005259,0.07111923919707243
0.0492,0.10052715351856155,0.10236085130249789,0.11462052647028179,0.07258159112202021
0.049300000000000004,0.10237195802680543,0.10446034969979444,0.11664860150301858,0.07200883653203652
0.0494,0.10048371356911001,0.10536953675523561,0.11282682512662677,0.06965898271956494
0.0495,0.09892988613332132,0.10545140112168014,0.11857598932959248,0.07316931257793603
0.049600000000000005,0.10138374041578319,0.10281481409816151,0.12141999345446011,0.07454060340286074
0.0497,0.09860105272590172,0.106348999316897,0.11765772073049073,0.07237436500933708
0.049800000000000004,0.10347357992763312,0.1102117898003144,0.1206745470256305,0.07278643191759795
0.0499,0.10093747262981781,0.1065845335388061,0.12221579656205081,0.07220712567322952
0.05,0.1000956906629384,0.10325025852764046,0.12084745093402496,0.07289115564107275
0.050100000000000006,0.10082754800324702,0.1088117349618365,0.11930374747842039,0.0722273830603828
0.0502,0.10233813355898373,0.10632856546066441,0.1209458230207603,0.07489984911887484
0.050300000000000004,0.10033924649629776,0.10827897321599929,0.12114604983586318,0.07300454993989793
0.0504,0.10462130078261077,0.10767268951404929,0.12209068080188677,0.0742290110063269
0.0505,0.10212293736590505,0.10844532500977712,0.12095798926865434,0.07263223380707474
0.0506,0.10274225776164946,0.10906268599148275,0.12195305078196116,0.07378705734633854
0.0507,0.10360671717353381,0.10518655589717281,0.12218355200891864,0.07322547352868468
0.050800000000000005,0.10438297557052664,0.10748231989350762,0.12006178874867462,0.07444809581482927
0.0509,0.10360726473079397,0.10928795633479604,0.12222258248536812,0.07328730048177542
0.051000000000000004,0.10351326554837062,0.10728570260310388,0.12406660415806564,0.07219378240156912
0.0511,0.10499776376469344,0.11031990533825127,0.12228001960050526,0.07109290672446845
0.0512,0.10978072465673705,0.1087212718182923,0.12503585182869847,0.07748031761144142
0.051300000000000005,0.10676773152920896,0.10945447818670853,0.12399102778691837,0.07203694582855572
0.0514,0.10721134339283858,0.1114671730129822,0.12343352483811643,0.07171863777833776
0.051500000000000004,0.10306619138433713,0.11258764895933289,0.1250411138041897,0.07433384108997779
0.0516,0.10432414567015058,0.1079683276705572,0.12706446322856088,0.07408889234726021
0.0517,0.10804657397362247,0.11040490613258848,0.1250053486948051,0.07553241064393308
0.051800000000000006,0.10795954214563352,0.11305406973911375,0.12522921225840994,0.07543596667459057
0.0519,0.10897646778691421,0.11153229019907104,0.12513415282138537,0.07699348333479311
0.052000000000000005,0.10571348373475364,0.11328441459108977,0.12638668643687395,0.07072603097284502
0.0521,0.1095443551023113,0.10679411538737227,0.12287856548763616,0.07556505471913333
0.0522,0.10860678849703315,0.1113197596892409,0.12748664775438404,0.06954882522700816
0.0523,0.1092327654788919,0.11338020488461394,0.12744479354981167,0.0747547175720108
0.0524,0.10907218262560749,0.11310952515839567,0.12413394001005765,0.07920710702289019
0.052500000000000005,0.11075482886732792,0.11088475501248284,0.1275386467418072,0.0744438409021588
0.0526,0.11077917451165152,0.10942416648398087,0.12757867564681816,0.07149616203193339
0.052700000000000004,0.1083202296589549,0.11308650852940082,0.12908475443215264,0.0739092707886558
0.0528,0.10765801835251082,0.11556037766266743,0.1301842914185467,0.07632346009606338
0.0529,0.1090766105065804,0.11346789114519926,0.1293877285039101,0.07632469065350589
0.053000000000000005,0.10534789992438286,0.11569064833659264,0.13059510764607613,0.07554843083011975
0.0531,0.10967458619077929,0.11006199607908934,0.12944943520669297,0.07910482846851422
0.053200000000000004,0.11027147639027343,0.1148722218352908,0.13071617963520002,0.07633737845740152
0.0533,0.11183648410059978,0.11532236621676305,0.13188634940693705,0.07908307576580188
0.0534,0.11280522606477336,0.12075481246066028,0.13007803229372444,0.07918415450216842
0.053500000000000006,0.10948597108258379,0.11707619235492296,0.13321251113627405,0.07491228243682875
0.0536,0.11151855585907715,0.11848559494121028,0.13068392602239895,0.07937472519906467
0.053700000000000005,0.10884946004902678,0.12084043503929533,0.13446495692430438,0.07595868883120939
0.0538,0.11109006193463498,0.11624414389332996,0.13254947973079348,0.07614339032736861
0.0539,0.11468331698906184,0.12149342784176279,0.13357952916247987,0.07465142762137401
0.054,0.11135960165322355,0.11748863036493756,0.13148115781194683,0.0740871649373282
0.0541,0.11692422252212074,0.11875950646900799,0.13223670529221473,0.07818067874021024
0.054200000000000005,0.11065291736318267,0.11626250011746608,0.1326593955802508,0.07995898284883778
0.0543,0.11278422018179882,0.11387213447664363,0.1370490628133658,0.07613973919139823
0.054400000000000004,0.10987226622413342,0.11842398728559927,0.13603533350873415,0.07766320694519095
0.0545,0.1174497473798275,0.11765440805868664,0.1354521073964817,0.07555863792138572
0.0546,0.11105110212717735,0.12143437390406114,0.13665149688065562,0.07762786253204698
0.054700000000000006,0.11527237615423461,0.11859653682984786,0.13408080978021863,0.07723859093190365
0.0548,0.11702526583679125,0.12348859033363849,0.13805126169321463,0.0773244971093923
0.054900000000000004,0.1155271996254018,0.12060136961696415,0.1347776625294412,0.07741835670595833
0.055,0.11260351039908079,0.1206365677508914,0.14047187146211426,0.07911775582563799
0.0551,0.11371320353345822,0.12104720100372589,0.1359019822568013,0.07745004712201621
0.055200000000000006,0.11792868307404045,0.1228062107654162,0.14291106079910512,0.08006312869981286
0.0553,0.11654224348935165,0.1231634315643006,0.13791089068123333,0.0755263267049928
0.055400000000000005,0.1190343229972852,0.12413685445901705,0.13820764215002743,0.07843243015460238
0.0555,0.11919392924088865,0.12412211959386733,0.1361384933131096,0.07847508449121603
0.055600000000000004,0.11666682484147042,0.12496677091340204,0.14150270075171517,0.08072840826618158
0.0557,0.11505709433573287,0.12148470895313904,0.1420456763687182,0.07701131164244517
0.0558,0.11454157236441834,0.1244310994350746,0.13910095014983923,0.08187765808584378
0.055900000000000005,0.1184691250420817,0.12400021360914171,0.13983575664684011,0.08158328320050147
0.056,0.11888694686346632,0.12317730092287918,0.13936591884278823,0.07835826523224936
0.056100000000000004,0.11650839279214271,0.12636747832808107,0.1377182309668758,0.07832984502019297
0.0562,0.11997857070857304,0.12531020655253955,0.14028216751392666,0.08003311525740164
0.0563,0.11728161274329717,0.12489826567386364,0.14340322713453205,0.0797422113061054
0.056400000000000006,0.11799977427374511,0.12765591653136196,0.14265673839558632,0.08040622771193871
0.0565,0.12270499009098997,0.12781468857893835,0.14510841065100277,0.07940951123577729
0.056600000000000004,0.12153237123937054,0.1263263903254535,0.14083530541086162,0.07973361689290605
0.0567,0.12075571516269885,0.12738703755116065,0.1433847654315323,0.0777092596741657
0.0568,0.1218552789805647,0.12391425011243117,0.14694620782824588,0.07887343979469813
0.056900000000000006,0.12133338034684242,0.12797996331462502,0.14559876357787813,0.07662247619733151
0.057,0.12279134007472803,0.12779204570865757,0.14353669303236147,0.07804534362673467
0.057100000000000005,0.12077669154038158,0.12491198671079894,0.1486425919094424,0.08262127686157955
0.0572,0.12265061893950123,0.12738724854244002,0.14519569812789168,0.08126946635704983
0.057300000000000004,0.125566085378773,0.12701867272192202,0.14374761728929333,0.08295304137496973
0.0574,0.11878016182768468,0.12646867322658356,0.14588296980551296,0.07684138202329793
0.0575,0.12488354110886324,0.13052666412836403,0.1456220189546645,0.0826260306742847
0.057600000000000005,0.12586343055897783,0.12891448342887174,0.14626621513904875,0.08469062441162614
0.0577,0.12471357298977472,0.12998229986011128,0.1502916184096845,0.08087996408630574
0.057800000000000004,0.12256721493251,0.12995965289655098,0.15003984172765641,0.07639647877991927
0.0579,0.12331040669512071,0.13289599029416255,0.14733783728577113,0.08357787886162793
0.058,0.12702477539371135,0.13033022100010766,0.1476245734020875,0.08001582064756937
0.058100000000000006,0.12983414603660803,0.13454239578966065,0.14941355156570674,0.07947917286927055
0.0582,0.1250494403481437,0.13161433466765385,0.14707821214751488,0.080960569103163
0.058300000000000005,0.12777142229276378,0.12786196995317883,0.15162130265491056,0.0836551542061365
0.0584,0.12431757068080969,0.1351839082497684,0.14899171352053095,0.08189286049306586
0.0585,0.12513803031605558,0.1315173106928234,0.1495430929700164,0.08251304832881597
0.058600000000000006,0.12776289773151178,0.13233908128255384,0.14846411142084714,0.08202750528439595
0.0587,0.12722384971651762,0.13237199588452306,0.1553259231738447,0.07819863948296288
0.058800000000000005,0.12226061304947794,0.13168213664018613,0.15342078117652388,0.07932020736790203
0.0589,0.12504942564050048,0.13538511231204717,0.15333456097217163,0.08229148275062001
0.059000000000000004,0.12889124210896052,0.1329728319676775,0.1520620942647789,0.083262449513339
0.0591,0.12495645954049332,0.12987881382247132,0.15236515838566533,0.0836102334205827
0.0592,0.12847603563127113,0.13622076194866986,0.1496118722383653,0.08248514225928917
0.059300000000000005,0.12959216493774817,0.1321474016875905,0.15578238275237372,0.08173683866380047
0.0594,0.13474746786053243,0.13083823654330362,0.15721137839096624,0.08127735417938105
0.059500000000000004,0.1256916906658305,0.13448340749237334,0.15544406838837838,0.08424646381555617
0.0596,0.1326919656968316,0.1387266124052396,0.1533753870806298,0.08453778623969066
0.0597,0.13035349573417296,0.13492003038961586,0.1553004549252001,0.08096376427555474
0.059800000000000006,0.12996884716684012,0.1351172350368486,0.1540874995442036,0.08344774703510817
0.0599,0.1314767105014994,0.1365495777541695,0.15929909128702083,0.08207477332216703
0.060000000000000005,0.12993913979618016,0.13859487967719064,0.1567203307365528,0.08287142228348701
0.0601,0.12583010629171631,0.13765735787329234,0.15375327833343386,0.08036618471196587
0.060200000000000004,0.12852748967786176,0.13588973205485586,0.15673354870869383,0.08194142643268237
0.0603,0.13285469617822854,0.13877154555440566,0.15445379455770036,0.08318739361242652
0.0604,0.13249152909039538,0.13802242720897795,0.15855996207401984,0.08350788420734365
0.060500000000000005,0.13371395475967393,0.13588351178380054,0.15861999705268418,0.08625046279888281
0.0606,0.1353486816195739,0.14108978078992157,0.16061028696136373,0.0866496538535702
0.060700000000000004,0.13668252725317862,0.13948530825459413,0.15802689141067938,0.08290646066351028
0.0608,0.1393725656752062,0.13696124543028268,0.15945491184852173,0.08072839120340808
0.0609,0.13376191926942285,0.1380519970055681,0.16060983993223485,0.07976037874470801
0.061000000000000006,0.13508172562107085,0.14326042406616588,0.1604919275048588,0.08349717203217104
0.0611,0.13385464078615272,0.1415368454212998,0.1616170721749725,0.0854105964359198
0.061200000000000004,0.13698338504431498,0.1399071106625827,0.16150947770751461,0.0857845994941632
0.0613,0.13201070315314722,0.13795498059690692,0.16301661961000596,0.08508111914101382
0.0614,0.13374706066161812,0.1411012346248013,0.16148058866897796,0.08246170929625364
0.061500000000000006,0.13691716016315456,0.1402605993599039,0.16290804873245207,0.08249208870512023
0.0616,0.13295898813589022,0.14472596082757894,0.1628387036333482,0.08478691035038219
0.061700000000000005,0.13319370436576322,0.1418666847789382,0.16583093089331385,0.08969191020926724
0.0618,0.1325986089022274,0.1433142608952184,0.16558486177407036,0.08339257213165538
0.061900000000000004,0.138592167180117,0.14234988006757113,0.16551068870295008,0.08368810187550423
0.062,0.13967496722362324,0.14309844398841545,0.16494308892827692,0.08673116518436991
0.0621,0.13552391168005803,0.14495746190086176,0.1624467642876379,0.08277152986760536
0.062200000000000005,0.13868903999749174,0.14320831931913303,0.1654488398711025,0.08604124758657115
0.0623,0.13711210054133616,0.14720611735033573,0.16741662337232932,0.08603418739697316
0.062400000000000004,0.14109900875853976,0.14657176707250955,0.1705114667486214,0.08709316059319917
0.0625,0.1379176892329559,0.14889107628730427,0.16841114389996148,0.08458915999686309
0.0626,0.139869796249148,0.14890306699762895,0.1692443100772873,0.0891312570685142
0.0627,0.14183543342028354,0.14809934322995014,0.1667340631217859,0.0852350270352827
0.06280000000000001,0.14015596716144857,0.14882187516980988,0.1705140191713758,0.08604166228218184
0.0629,0.1406045268786467,0.14924609674503928,0.16797651188516682,0.08920177130451075
0.063,0.13662160549463387,0.15109355708952996,0.17005882502381203,0.08792412637129918
0.0631,0.14179665887002685,0.14925334910575908,0.17171440033189145,0.08764537133619141
0.0632,0.14076528415516282,0.15101041037632737,0.16889483211327092,0.08612496667070146
0.06330000000000001,0.1434497848983195,0.1513113712887314,0.17244442270409674,0.08545727705240988
0.0634,0.14392709378755975,0.1483641224904441,0.17548592756347767,0.08618322336700257
0.0635,0.13941119646362715,0.14769600433608457,0.17253185695573398,0.08674078812899873
0.0636,0.14678746978474413,0.1483918890057042,0.17298615330495637,0.08445093645267593
0.0637,0.14222149671760903,0.15422135090046227,0.17109841774960577,0.08785257511531704
0.06380000000000001,0.14435221510705987,0.15119058854795528,0.17487502991076456,0.0844672298858745
0.0639,0.14723958584004815,0.15547515500834888,0.17439664082830192,0.09174233273717879
0.064,0.14349037438728263,0.15281387134248273,0.17763369575731872,0.08608703088582717
0.0641,0.14188777307487282,0.14917812994777857,0.1793602715195336,0.08605597939920388
0.06420000000000001,0.14464279265587282,0.1505656087088058,0.1776052154215309,0.08565996749916702
0.06430000000000001,0.14439609170260986,0.15378076923382333,0.17405158434080176,0.086975050876993
0.0644,0.14854834764044883,0.15442985014995658,0.17691312413384888,0.08787114277228374
0.0645,0.14533193065027883,0.157958283078406,0.17550131583084397,0.08797253341052344
0.0646,0.14670748858784885,0.156377167361225,0.17980679887754308,0.08759598106305794
0.06470000000000001,0.1474269738472096,0.15541140529339867,0.17353222214586655,0.08459144696031468
0.0648,0.14600468624489682,0.15402686411486716,0.1761552318110241,0.08937806876397088
0.0649,0.14758919516583313,0.15511743301766762,0.176520017244677,0.08789936136562027
0.065,0.14270270801985122,0.15561870782421106,0.17963846941877926,0.08858189860608831
0.0651,0.1451999703079686,0.1567930926734123,0.17791026019362965,0.08658281663945509
0.06520000000000001,0.15013711259507218,0.1607715685605322,0.18057811049194222,0.08668332322871
0.0653,0.14945264898873017,0.15902232724742463,0.18220091116799042,0.09391356795960391
0.0654,0.14801967610993402,0.1580507083674781,0.1845415310661695,0.09150955903478915
0.0655,0.14592622604196046,0.1579425580576714,0.18489877512366876,0.09442849521493953
0.0656,0.1516109944162218,0.15761762878021174,0.18039862828579123,0.09319473499909198
0.06570000000000001,0.1520388993025625,0.1570623605348284,0.18249928868740836,0.08948773079251895
0.0658,0.15204803827192764,0.1573654558236138,0.18216705651677748,0.08567166858158062
0.0659,0.15341995636394826,0.15888871746893657,0.18481918896890212,0.09193230519051125
0.066,0.15216117951465763,0.15975434001916755,0.18476677261557709,0.08932449641382607
0.0661,0.15459577994000923,0.1610113524373089,0.1837837905851195,0.09140419896380206
0.06620000000000001,0.15494743529115856,0.15812347996671608,0.18843310563313484,0.09014838669608037
0.0663,0.1534370316895362,0.16322492977965344,0.1847298159116696,0.09143782517725522
0.0664,0.15250197730005555,0.15867439498878544,0.18436577587846797,0.09077414355648686
0.0665,0.15175064191830978,0.16525814378629694,0.18923866732993075,0.09241765274937266
0.0666,0.15427820270002288,0.16296849215717923,0.18497278428303032,0.09185308679047491
0.06670000000000001,0.15517639865797347,0.1640032425844822,0.19123823811202612,0.08876041002192882
0.0668,0.1545535568076496,0.1639389234612972,0.18649345246029306,0.08970802547349552
0.0669,0.1561818723336887,0.16305278008386384,0.19148631652093406,0.0871723320641099
0.067,0.15783267534415976,0.16544512816650933,0.1882360039768353,0.08845639310650295
0.0671,0.15181875783165658,0.16295263822870418,0.19197465031302485,0.09030413886634081
0.06720000000000001,0.1586985077929952,0.16372457646657507,0.191802460963662,0.08909248424769865
0.0673,0.1548356544677937,0.1651724967234099,0.1895675864477441,0.08755307937922954
0.0674,0.15679747173323014,0.16602315962092742,0.19394483011235852,0.09262364838401048
0.0675,0.15999832512476203,0.16767564938706803,0.19258525783224514,0.08840353172987366
0.06760000000000001,0.15825556438793698,0.1678542784173503,0.19534815706643036,0.09234545433269531
0.06770000000000001,0.16083501454437227,0.1650235653276277,0.1922950276279023,0.0919431056080855
0.0678,0.1610756299064922,0.16722509075347142,0.19329888897281436,0.0925702829802473
0.0679,0.15690251164298397,0.17115946368536536,0.19222276646190853,0.0874704929944193
0.068,0.15957597077093053,0.17177180106227788,0.19567254586805272,0.09292159371555793
0.06810000000000001,0.16004124918763485,0.16850148319830333,0.1919297684943352,0.08701245224438203
0.0682,0.16075472347600492,0.17186381951944454,0.19622915240929162,0.09289030731446984
0.0683,0.1639343780341835,0.17032986912007592,0.19581822618670444,0.09011801354466803
0.0684,0.16521719800729262,0.17116017956318216,0.19470034145482373,0.08952475413625295
0.0685,0.16408579886157384,0.16846808646056352,0.20082058231126002,0.08646626163765446
0.06860000000000001,0.164832831717128,0.17195378555144397,0.19787683606931572,0.09174043958856766
0.0687,0.16617814512585666,0.172832282922148,0.19636134086533027,0.08876577726190095
0.0688,0.16316140096748155,0.17185533839507694,0.1956574840254047,0.09220512234734873
0.0689,0.16207013821135108,0.17231652542309323,0.20067991403027266,0.09541351304607704
0.069,0.16544806913502924,0.17129668057245886,0.20049812200244257,0.09266696269374225
0.06910000000000001,0.1613794022172714,0.17397879958909301,0.20400724313915486,0.09271812852264698
0.0692,0.16126975214803718,0.17368680147895285,0.19840146612291307,0.09449308477141563
0.0693,0.16592339603215295,0.17372953533058832,0.20070294295251226,0.09245407519238347
0.0694,0.1653068575886947,0.17297314090061733,0.199127538766772,0.09526868333509661
0.0695,0.1649372460645312,0.17529911989039274,0.2030127783407536,0.09374813966750195
0.06960000000000001,0.1637792511694448,0.17206194635957078,0.20180539855622084,0.09400840667089748
0.0697,0.16509092917207918,0.1751535502974759,0.20777935085882496,0.08963909237541182
0.0698,0.16545780813079955,0.1801075438163507,0.203978937981124,0.09203099800243796
0.0699,0.16972756952564186,0.17687691863999988,0.20391630831495308,0.0939408060324035
0.07,0.1664970808827144,0.17518478020480333,0.20493193514244035,0.0916472457651869
0.07010000000000001,0.16825906606949606,0.17838306557379216,0.2074128715503565,0.09603833282973127
0.0702,0.16785170442156366,0.17912876038352907,0.20724084056273906,0.09455143513282732
0.0703,0.16813087652251976,0.17653066597469083,0.20781026552423199,0.0905954590897655
0.0704,0.16898185725192416,0.1739376047928527,0.20468535367953067,0.09236837452048706
0.07050000000000001,0.17213985107658863,0.18088034598622602,0.20680361831225952,0.09569491183942322
0.07060000000000001,0.17215164382875764,0.17964326434560487,0.2056974965964197,0.0939339491460688
0.0707,0.1706117399596562,0.1779613534669754,0.2097565514129466,0.09502307065219241
0.0708,0.17212987160222193,0.18144698386699865,0.21103979227148134,0.09421853571902293
0.0709,0.17207675535726505,0.18055774286905657,0.2089702032791283,0.09736750751302599
0.07100000000000001,0.16802018713655711,0.1835720426513935,0.20945866631501386,0.09330482000852712
0.0711,0.1730665623172575,0.17930581929103748,0.20962970284382,0.09322057680693163
0.0712,0.17253744001620233,0.18114449873229624,0.21502744557531925,0.09862692047936655
0.0713,0.1693742280119923,0.18431037801097466,0.21410745632965436,0.09623296079240594
0.0714,0.1725411189112453,0.18320372602621296,0.21145996716547874,0.09442063684405672
0.07150000000000001,0.17187770197459631,0.18393375327548347,0.21051876960529195,0.09497514187485932
0.0716,0.17224191306828338,0.1850496097990969,0.21273486374975478,0.09607088929287184
0.0717,0.17734484358921995,0.1882887526689224,0.20960850059799585,0.09393572953665069
0.0718,0.17501927993301364,0.18650563490146918,0.21193608851078458,0.09375439352601334
0.0719,0.17633110371916363,0.18623111815132393,0.21656580669983308,0.09672046186882625
0.07200000000000001,0.17719368568747984,0.18692625983582406,0.2164973102207092,0.09727724010018254
0.0721,0.17248513229098103,0.19010647204300887,0.2125536195809433,0.09390406519056348
0.0722,0.17695871314951392,0.18884313825774152,0.21155029894180866,0.09612088644340136
0.0723,0.17944666128222866,0.1899683108681156,0.2167259222976503,0.09569028211042069
0.0724,0.17708039377970788,0.18767654546369805,0.2166381810813892,0.09462833723889218
0.07250000000000001,0.17963344812633572,0.18920900685250056,0.22026776727751946,0.09694983046690772
0.0726,0.18062656418270756,0.19118734987036573,0.21638543245555783,0.09492821370953418
0.0727,0.1792095192649865,0.18987198026245958,0.2191144711840087,0.0985759828266164
0.0728,0.1840877466709424,0.19077734357956674,0.2212106400934532,0.0985660215699099
0.0729,0.1768529467918819,0.19095091607000972,0.2235888583037542,0.09569604568754493
0.07300000000000001,0.17858948218783277,0.19101260291137373,0.22209977120938457,0.09528036473088358
0.0731,0.18569410669150638,0.19091833799535626,0.22050570947545078,0.0970258132000328
0.0732,0.18377789302702494,0.19240335983178392,0.22437763668819052,0.09558549206055596
0.0733,0.1853991461560333,0.19398604118943147,0.22609681111798274,0.09817436272631867
0.0734,0.18453634783348077,0.1916118923156336,0.223615088643553,0.10025260159572685
0.07350000000000001,0.1864700902190903,0.19156053832203895,0.22569542938330456,0.09681342240436284
0.0736,0.1824217891171269,0.19492231807248608,0.22807748107325154,0.09869437513270186
0.0737,0.1836432951498203,0.19588163056955282,0.22567675493584324,0.09873108946718674
0.0738,0.18754294480884645,0.1911981620853603,0.22859392199811118,0.094944632115635
0.07390000000000001,0.18767559065802575,0.1945803103484613,0.22516834674401656,0.09952923182993316
0.07400000000000001,0.1864174287733024,0.19435917820477885,0.22570352800638505,0.09787975204779817
0.0741,0.18375230285214314,0.19473911009842748,0.2290481769958165,0.0964390635329342
0.0742,0.18748618125150016,0.20034816417790477,0.22912880630783766,0.09874727073261193
0.0743,0.19114316299131054,0.19549981592296906,0.2324189470407554,0.10074491553220394
0.07440000000000001,0.18929071511860293,0.20096697858597298,0.23120976785268,0.09755364288038916
0.0745,0.1902475851261955,0.20115895891924634,0.23347297272491654,0.09892487726054741
0.0746,0.1871036579404391,0.19978712083287337,0.23376212166767907,0.10100101746520096
0.0747,0.18815555659222838,0.20054759749968581,0.2298770154275321,0.10103872431672135
0.0748,0.18792840980346368,0.20200115470296423,0.23081447096796304,0.10124823544889418
0.07490000000000001,0.19062007589874308,0.19938306110523082,0.23511590264714782,0.09812132893602231
0.075,0.19195815666819033,0.2009140296399798,0.23091281107024286,0.09745393753227247
